pic_id,seg_id,object,segment,adj,des
550709,0,鞋柜,入户左侧放置一款成品鞋柜,[],入户左侧放置一款成品鞋柜，藤编网面天然的材质透着淡淡的竹香，会随着时间越来越迷人，也巧妙地解决了收纳的问题，十分实用。
550709,1,材质,藤编网面天然的材质透着淡淡的竹香,[],入户左侧放置一款成品鞋柜，藤编网面天然的材质透着淡淡的竹香，会随着时间越来越迷人，也巧妙地解决了收纳的问题，十分实用。
550710,0,空间,整个空间的地面通铺木地板,[],整个空间的地面通铺木地板，与大白墙形成色块化的设计，简单里透着朴素；白色的纱幔带来一种轻盈感，缓和了整个空间因实木材质带来的些许沉稳，但是材质讲究的家具和造型时尚的沙发组合，裹挟着生活的精致。
550710,0,地面,整个空间的地面通铺木地板,[],整个空间的地面通铺木地板，与大白墙形成色块化的设计，简单里透着朴素；白色的纱幔带来一种轻盈感，缓和了整个空间因实木材质带来的些许沉稳，但是材质讲究的家具和造型时尚的沙发组合，裹挟着生活的精致。
550710,0,木地板,整个空间的地面通铺木地板,[],整个空间的地面通铺木地板，与大白墙形成色块化的设计，简单里透着朴素；白色的纱幔带来一种轻盈感，缓和了整个空间因实木材质带来的些许沉稳，但是材质讲究的家具和造型时尚的沙发组合，裹挟着生活的精致。
550710,1,墙,与大白墙形成色块化的设计,[],整个空间的地面通铺木地板，与大白墙形成色块化的设计，简单里透着朴素；白色的纱幔带来一种轻盈感，缓和了整个空间因实木材质带来的些许沉稳，但是材质讲究的家具和造型时尚的沙发组合，裹挟着生活的精致。
550710,3,纱幔,白色的纱幔带来一种轻盈感,['白色'],整个空间的地面通铺木地板，与大白墙形成色块化的设计，简单里透着朴素；白色的纱幔带来一种轻盈感，缓和了整个空间因实木材质带来的些许沉稳，但是材质讲究的家具和造型时尚的沙发组合，裹挟着生活的精致。
550710,4,空间,缓和了整个空间因实木材质带来的些许沉稳,"['缓和', '沉稳']",整个空间的地面通铺木地板，与大白墙形成色块化的设计，简单里透着朴素；白色的纱幔带来一种轻盈感，缓和了整个空间因实木材质带来的些许沉稳，但是材质讲究的家具和造型时尚的沙发组合，裹挟着生活的精致。
550710,4,木材,缓和了整个空间因实木材质带来的些许沉稳,"['缓和', '沉稳']",整个空间的地面通铺木地板，与大白墙形成色块化的设计，简单里透着朴素；白色的纱幔带来一种轻盈感，缓和了整个空间因实木材质带来的些许沉稳，但是材质讲究的家具和造型时尚的沙发组合，裹挟着生活的精致。
550710,5,材质,但是材质讲究的家具和造型时尚的沙发组合,[],整个空间的地面通铺木地板，与大白墙形成色块化的设计，简单里透着朴素；白色的纱幔带来一种轻盈感，缓和了整个空间因实木材质带来的些许沉稳，但是材质讲究的家具和造型时尚的沙发组合，裹挟着生活的精致。
550710,5,家具,但是材质讲究的家具和造型时尚的沙发组合,[],整个空间的地面通铺木地板，与大白墙形成色块化的设计，简单里透着朴素；白色的纱幔带来一种轻盈感，缓和了整个空间因实木材质带来的些许沉稳，但是材质讲究的家具和造型时尚的沙发组合，裹挟着生活的精致。
550711,0,客厅,客厅打掉了原有的墙体,[],客厅打掉了原有的墙体，增加了客餐厅采光，格子玻璃窗分隔了屋外的风景，也将自然景观纳入室内，与白色窗帘搭配出简约之美；灰绿色布艺沙发搭配灰色趟式沙发陈列出互动感，与格子状的实木柜构筑简约温馨。
550711,0,墙体,客厅打掉了原有的墙体,[],客厅打掉了原有的墙体，增加了客餐厅采光，格子玻璃窗分隔了屋外的风景，也将自然景观纳入室内，与白色窗帘搭配出简约之美；灰绿色布艺沙发搭配灰色趟式沙发陈列出互动感，与格子状的实木柜构筑简约温馨。
550711,1,餐厅,增加了客餐厅采光,[],客厅打掉了原有的墙体，增加了客餐厅采光，格子玻璃窗分隔了屋外的风景，也将自然景观纳入室内，与白色窗帘搭配出简约之美；灰绿色布艺沙发搭配灰色趟式沙发陈列出互动感，与格子状的实木柜构筑简约温馨。
550711,2,格子,格子玻璃窗分隔了屋外的风景,[],客厅打掉了原有的墙体，增加了客餐厅采光，格子玻璃窗分隔了屋外的风景，也将自然景观纳入室内，与白色窗帘搭配出简约之美；灰绿色布艺沙发搭配灰色趟式沙发陈列出互动感，与格子状的实木柜构筑简约温馨。
550711,2,玻璃窗,格子玻璃窗分隔了屋外的风景,[],客厅打掉了原有的墙体，增加了客餐厅采光，格子玻璃窗分隔了屋外的风景，也将自然景观纳入室内，与白色窗帘搭配出简约之美；灰绿色布艺沙发搭配灰色趟式沙发陈列出互动感，与格子状的实木柜构筑简约温馨。
550711,2,风景,格子玻璃窗分隔了屋外的风景,[],客厅打掉了原有的墙体，增加了客餐厅采光，格子玻璃窗分隔了屋外的风景，也将自然景观纳入室内，与白色窗帘搭配出简约之美；灰绿色布艺沙发搭配灰色趟式沙发陈列出互动感，与格子状的实木柜构筑简约温馨。
550711,4,窗帘,与白色窗帘搭配出简约之美,['白色'],客厅打掉了原有的墙体，增加了客餐厅采光，格子玻璃窗分隔了屋外的风景，也将自然景观纳入室内，与白色窗帘搭配出简约之美；灰绿色布艺沙发搭配灰色趟式沙发陈列出互动感，与格子状的实木柜构筑简约温馨。
550711,6,木柜,与格子状的实木柜构筑简约温馨,[],客厅打掉了原有的墙体，增加了客餐厅采光，格子玻璃窗分隔了屋外的风景，也将自然景观纳入室内，与白色窗帘搭配出简约之美；灰绿色布艺沙发搭配灰色趟式沙发陈列出互动感，与格子状的实木柜构筑简约温馨。
550712,0,餐厅,整个客餐厅开放式的设计,[],"整个客餐厅开放式的设计，弱化了电视为中心的布局，以舒适惬意为主调，营造自在的生活氛围；整个空间以胡桃木地板铺贴出朴质，并陈列这简约的木色家具，让空间自然而温润。
"
550712,1,电视,弱化了电视为中心的布局,[],"整个客餐厅开放式的设计，弱化了电视为中心的布局，以舒适惬意为主调，营造自在的生活氛围；整个空间以胡桃木地板铺贴出朴质，并陈列这简约的木色家具，让空间自然而温润。
"
550712,1,布局,弱化了电视为中心的布局,[],"整个客餐厅开放式的设计，弱化了电视为中心的布局，以舒适惬意为主调，营造自在的生活氛围；整个空间以胡桃木地板铺贴出朴质，并陈列这简约的木色家具，让空间自然而温润。
"
550712,4,空间,整个空间以胡桃木地板铺贴出朴质,[],"整个客餐厅开放式的设计，弱化了电视为中心的布局，以舒适惬意为主调，营造自在的生活氛围；整个空间以胡桃木地板铺贴出朴质，并陈列这简约的木色家具，让空间自然而温润。
"
550712,4,地板,整个空间以胡桃木地板铺贴出朴质,[],"整个客餐厅开放式的设计，弱化了电视为中心的布局，以舒适惬意为主调，营造自在的生活氛围；整个空间以胡桃木地板铺贴出朴质，并陈列这简约的木色家具，让空间自然而温润。
"
550712,5,家具,并陈列这简约的木色家具,['木色'],"整个客餐厅开放式的设计，弱化了电视为中心的布局，以舒适惬意为主调，营造自在的生活氛围；整个空间以胡桃木地板铺贴出朴质，并陈列这简约的木色家具，让空间自然而温润。
"
550712,6,空间,让空间自然而温润,[],"整个客餐厅开放式的设计，弱化了电视为中心的布局，以舒适惬意为主调，营造自在的生活氛围；整个空间以胡桃木地板铺贴出朴质，并陈列这简约的木色家具，让空间自然而温润。
"
550713,0,餐厅,开放式的餐厅给人无拘无束的感觉,[],开放式的餐厅给人无拘无束的感觉，原木地板的厚实与白色纱幔的轻飘营造朴素和浪漫的氛围；实木餐桌搭配实木椅凳和谐共生，桌上的花卉与水果将鲜活释放在空间内，而一张编织餐椅灵动轻巧，线条优美，点缀出柔和舒适。
550713,1,木地板,原木地板的厚实与白色纱幔的轻飘营造朴素和浪漫的氛围,"['厚实', '白色', '浪漫']",开放式的餐厅给人无拘无束的感觉，原木地板的厚实与白色纱幔的轻飘营造朴素和浪漫的氛围；实木餐桌搭配实木椅凳和谐共生，桌上的花卉与水果将鲜活释放在空间内，而一张编织餐椅灵动轻巧，线条优美，点缀出柔和舒适。
550713,1,纱幔,原木地板的厚实与白色纱幔的轻飘营造朴素和浪漫的氛围,"['厚实', '白色', '浪漫']",开放式的餐厅给人无拘无束的感觉，原木地板的厚实与白色纱幔的轻飘营造朴素和浪漫的氛围；实木餐桌搭配实木椅凳和谐共生，桌上的花卉与水果将鲜活释放在空间内，而一张编织餐椅灵动轻巧，线条优美，点缀出柔和舒适。
550713,2,餐桌,实木餐桌搭配实木椅凳和谐共生,['和谐'],开放式的餐厅给人无拘无束的感觉，原木地板的厚实与白色纱幔的轻飘营造朴素和浪漫的氛围；实木餐桌搭配实木椅凳和谐共生，桌上的花卉与水果将鲜活释放在空间内，而一张编织餐椅灵动轻巧，线条优美，点缀出柔和舒适。
550713,3,花卉,桌上的花卉与水果将鲜活释放在空间内,['鲜活'],开放式的餐厅给人无拘无束的感觉，原木地板的厚实与白色纱幔的轻飘营造朴素和浪漫的氛围；实木餐桌搭配实木椅凳和谐共生，桌上的花卉与水果将鲜活释放在空间内，而一张编织餐椅灵动轻巧，线条优美，点缀出柔和舒适。
550713,3,空间,桌上的花卉与水果将鲜活释放在空间内,['鲜活'],开放式的餐厅给人无拘无束的感觉，原木地板的厚实与白色纱幔的轻飘营造朴素和浪漫的氛围；实木餐桌搭配实木椅凳和谐共生，桌上的花卉与水果将鲜活释放在空间内，而一张编织餐椅灵动轻巧，线条优美，点缀出柔和舒适。
550713,4,餐椅,而一张编织餐椅灵动轻巧,"['灵动', '轻巧']",开放式的餐厅给人无拘无束的感觉，原木地板的厚实与白色纱幔的轻飘营造朴素和浪漫的氛围；实木餐桌搭配实木椅凳和谐共生，桌上的花卉与水果将鲜活释放在空间内，而一张编织餐椅灵动轻巧，线条优美，点缀出柔和舒适。
550714,0,儿童,整个儿童房里并没有色彩斑斓的设计,[],整个儿童房里并没有色彩斑斓的设计，反而多了很多老旧的味道，从实木家地板到实木家具，处处裹挟着成熟的味道，可以说，足够让人情绪稳定；小巧的木桌和凳子量身定做，小孩子在这里作业和玩耍都不是问题，低饱和基调搭配，传递一种自然的生活气息。
550714,2,地板,从实木家地板到实木家具,[],整个儿童房里并没有色彩斑斓的设计，反而多了很多老旧的味道，从实木家地板到实木家具，处处裹挟着成熟的味道，可以说，足够让人情绪稳定；小巧的木桌和凳子量身定做，小孩子在这里作业和玩耍都不是问题，低饱和基调搭配，传递一种自然的生活气息。
550714,8,基调,低饱和基调搭配,['低'],整个儿童房里并没有色彩斑斓的设计，反而多了很多老旧的味道，从实木家地板到实木家具，处处裹挟着成熟的味道，可以说，足够让人情绪稳定；小巧的木桌和凳子量身定做，小孩子在这里作业和玩耍都不是问题，低饱和基调搭配，传递一种自然的生活气息。
550715,0,厨房,厨房从吊顶到地砖以白色为主,['白色'],厨房从吊顶到地砖以白色为主，瓷砖有序地铺贴出几何感，砖线自然的种装饰，简单大气，空间也分为明亮；白色橱柜搭配原木台面，裹挟着金属收纳架，改善了厨房生活的收纳性不足，而花纹地砖的点缀，令整个空间多了几分现代时尚，无疑，提升了厨房的颜值。
550715,0,吊顶,厨房从吊顶到地砖以白色为主,['白色'],厨房从吊顶到地砖以白色为主，瓷砖有序地铺贴出几何感，砖线自然的种装饰，简单大气，空间也分为明亮；白色橱柜搭配原木台面，裹挟着金属收纳架，改善了厨房生活的收纳性不足，而花纹地砖的点缀，令整个空间多了几分现代时尚，无疑，提升了厨房的颜值。
550715,0,地砖,厨房从吊顶到地砖以白色为主,['白色'],厨房从吊顶到地砖以白色为主，瓷砖有序地铺贴出几何感，砖线自然的种装饰，简单大气，空间也分为明亮；白色橱柜搭配原木台面，裹挟着金属收纳架，改善了厨房生活的收纳性不足，而花纹地砖的点缀，令整个空间多了几分现代时尚，无疑，提升了厨房的颜值。
550715,1,瓷砖,瓷砖有序地铺贴出几何感,[],厨房从吊顶到地砖以白色为主，瓷砖有序地铺贴出几何感，砖线自然的种装饰，简单大气，空间也分为明亮；白色橱柜搭配原木台面，裹挟着金属收纳架，改善了厨房生活的收纳性不足，而花纹地砖的点缀，令整个空间多了几分现代时尚，无疑，提升了厨房的颜值。
550715,2,装饰,砖线自然的种装饰,[],厨房从吊顶到地砖以白色为主，瓷砖有序地铺贴出几何感，砖线自然的种装饰，简单大气，空间也分为明亮；白色橱柜搭配原木台面，裹挟着金属收纳架，改善了厨房生活的收纳性不足，而花纹地砖的点缀，令整个空间多了几分现代时尚，无疑，提升了厨房的颜值。
550715,4,空间,空间也分为明亮,['明亮'],厨房从吊顶到地砖以白色为主，瓷砖有序地铺贴出几何感，砖线自然的种装饰，简单大气，空间也分为明亮；白色橱柜搭配原木台面，裹挟着金属收纳架，改善了厨房生活的收纳性不足，而花纹地砖的点缀，令整个空间多了几分现代时尚，无疑，提升了厨房的颜值。
550715,5,橱柜,白色橱柜搭配原木台面,['白色'],厨房从吊顶到地砖以白色为主，瓷砖有序地铺贴出几何感，砖线自然的种装饰，简单大气，空间也分为明亮；白色橱柜搭配原木台面，裹挟着金属收纳架，改善了厨房生活的收纳性不足，而花纹地砖的点缀，令整个空间多了几分现代时尚，无疑，提升了厨房的颜值。
550715,5,台面,白色橱柜搭配原木台面,['白色'],厨房从吊顶到地砖以白色为主，瓷砖有序地铺贴出几何感，砖线自然的种装饰，简单大气，空间也分为明亮；白色橱柜搭配原木台面，裹挟着金属收纳架，改善了厨房生活的收纳性不足，而花纹地砖的点缀，令整个空间多了几分现代时尚，无疑，提升了厨房的颜值。
550715,6,金属,裹挟着金属收纳架,[],厨房从吊顶到地砖以白色为主，瓷砖有序地铺贴出几何感，砖线自然的种装饰，简单大气，空间也分为明亮；白色橱柜搭配原木台面，裹挟着金属收纳架，改善了厨房生活的收纳性不足，而花纹地砖的点缀，令整个空间多了几分现代时尚，无疑，提升了厨房的颜值。
550715,7,厨房,改善了厨房生活的收纳性不足,['不足'],厨房从吊顶到地砖以白色为主，瓷砖有序地铺贴出几何感，砖线自然的种装饰，简单大气，空间也分为明亮；白色橱柜搭配原木台面，裹挟着金属收纳架，改善了厨房生活的收纳性不足，而花纹地砖的点缀，令整个空间多了几分现代时尚，无疑，提升了厨房的颜值。
550715,8,地砖,而花纹地砖的点缀,[],厨房从吊顶到地砖以白色为主，瓷砖有序地铺贴出几何感，砖线自然的种装饰，简单大气，空间也分为明亮；白色橱柜搭配原木台面，裹挟着金属收纳架，改善了厨房生活的收纳性不足，而花纹地砖的点缀，令整个空间多了几分现代时尚，无疑，提升了厨房的颜值。
550715,9,空间,令整个空间多了几分现代时尚,[],厨房从吊顶到地砖以白色为主，瓷砖有序地铺贴出几何感，砖线自然的种装饰，简单大气，空间也分为明亮；白色橱柜搭配原木台面，裹挟着金属收纳架，改善了厨房生活的收纳性不足，而花纹地砖的点缀，令整个空间多了几分现代时尚，无疑，提升了厨房的颜值。
550715,11,厨房,提升了厨房的颜值,[],厨房从吊顶到地砖以白色为主，瓷砖有序地铺贴出几何感，砖线自然的种装饰，简单大气，空间也分为明亮；白色橱柜搭配原木台面，裹挟着金属收纳架，改善了厨房生活的收纳性不足，而花纹地砖的点缀，令整个空间多了几分现代时尚，无疑，提升了厨房的颜值。
550717,0,卧室,整个卧室线条十分简洁,['简洁'],整个卧室线条十分简洁，从白色吊顶到浅灰色背景墙以大色块的设计勾勒空间的层次，纯净而朴质；胡桃木地板奠定了空间的沉稳，实木床和衣柜的设计搭配的更为维稳，个性的床头柜和收纳桌实简洁而实用，白色纱幔添置的朦胧，让生活多了一份空灵。
550717,1,吊顶,从白色吊顶到浅灰色背景墙以大色块的设计勾勒空间的层次,"['白色', '浅', '灰色']",整个卧室线条十分简洁，从白色吊顶到浅灰色背景墙以大色块的设计勾勒空间的层次，纯净而朴质；胡桃木地板奠定了空间的沉稳，实木床和衣柜的设计搭配的更为维稳，个性的床头柜和收纳桌实简洁而实用，白色纱幔添置的朦胧，让生活多了一份空灵。
550717,1,背景墙,从白色吊顶到浅灰色背景墙以大色块的设计勾勒空间的层次,"['白色', '浅', '灰色']",整个卧室线条十分简洁，从白色吊顶到浅灰色背景墙以大色块的设计勾勒空间的层次，纯净而朴质；胡桃木地板奠定了空间的沉稳，实木床和衣柜的设计搭配的更为维稳，个性的床头柜和收纳桌实简洁而实用，白色纱幔添置的朦胧，让生活多了一份空灵。
550717,1,空间,从白色吊顶到浅灰色背景墙以大色块的设计勾勒空间的层次,"['白色', '浅', '灰色']",整个卧室线条十分简洁，从白色吊顶到浅灰色背景墙以大色块的设计勾勒空间的层次，纯净而朴质；胡桃木地板奠定了空间的沉稳，实木床和衣柜的设计搭配的更为维稳，个性的床头柜和收纳桌实简洁而实用，白色纱幔添置的朦胧，让生活多了一份空灵。
550717,3,地板,胡桃木地板奠定了空间的沉稳,['沉稳'],整个卧室线条十分简洁，从白色吊顶到浅灰色背景墙以大色块的设计勾勒空间的层次，纯净而朴质；胡桃木地板奠定了空间的沉稳，实木床和衣柜的设计搭配的更为维稳，个性的床头柜和收纳桌实简洁而实用，白色纱幔添置的朦胧，让生活多了一份空灵。
550717,3,空间,胡桃木地板奠定了空间的沉稳,['沉稳'],整个卧室线条十分简洁，从白色吊顶到浅灰色背景墙以大色块的设计勾勒空间的层次，纯净而朴质；胡桃木地板奠定了空间的沉稳，实木床和衣柜的设计搭配的更为维稳，个性的床头柜和收纳桌实简洁而实用，白色纱幔添置的朦胧，让生活多了一份空灵。
550717,4,衣柜,实木床和衣柜的设计搭配的更为维稳,[],整个卧室线条十分简洁，从白色吊顶到浅灰色背景墙以大色块的设计勾勒空间的层次，纯净而朴质；胡桃木地板奠定了空间的沉稳，实木床和衣柜的设计搭配的更为维稳，个性的床头柜和收纳桌实简洁而实用，白色纱幔添置的朦胧，让生活多了一份空灵。
550717,5,床头柜,个性的床头柜和收纳桌实简洁而实用,['简洁'],整个卧室线条十分简洁，从白色吊顶到浅灰色背景墙以大色块的设计勾勒空间的层次，纯净而朴质；胡桃木地板奠定了空间的沉稳，实木床和衣柜的设计搭配的更为维稳，个性的床头柜和收纳桌实简洁而实用，白色纱幔添置的朦胧，让生活多了一份空灵。
550717,6,纱幔,白色纱幔添置的朦胧,"['白色', '朦胧']",整个卧室线条十分简洁，从白色吊顶到浅灰色背景墙以大色块的设计勾勒空间的层次，纯净而朴质；胡桃木地板奠定了空间的沉稳，实木床和衣柜的设计搭配的更为维稳，个性的床头柜和收纳桌实简洁而实用，白色纱幔添置的朦胧，让生活多了一份空灵。
550737,0,吊顶,玄关大面积白色吊顶搭配原木地板,['白色'],玄关大面积白色吊顶搭配原木地板，让这个小空间温馨又通透，白色玄关柜的储物功能，与黑板墙的实用性一样，承载着两个人的生活乐趣。
550737,0,木地板,玄关大面积白色吊顶搭配原木地板,['白色'],玄关大面积白色吊顶搭配原木地板，让这个小空间温馨又通透，白色玄关柜的储物功能，与黑板墙的实用性一样，承载着两个人的生活乐趣。
550737,1,空间,让这个小空间温馨又通透,['小'],玄关大面积白色吊顶搭配原木地板，让这个小空间温馨又通透，白色玄关柜的储物功能，与黑板墙的实用性一样，承载着两个人的生活乐趣。
550737,3,墙,与黑板墙的实用性一样,[],玄关大面积白色吊顶搭配原木地板，让这个小空间温馨又通透，白色玄关柜的储物功能，与黑板墙的实用性一样，承载着两个人的生活乐趣。
550738,0,客厅,客厅有一面大大的落地窗为空间带来温暖的阳光,['温暖'],客厅有一面大大的落地窗为空间带来温暖的阳光，地台将客厅与阳台作了简单的分隔，打造出一个专属的植物氧吧；浅灰色背景墙与白色吊顶的色彩反差，搭配现代简约的家具令空间利落有致。
550738,0,落地窗,客厅有一面大大的落地窗为空间带来温暖的阳光,['温暖'],客厅有一面大大的落地窗为空间带来温暖的阳光，地台将客厅与阳台作了简单的分隔，打造出一个专属的植物氧吧；浅灰色背景墙与白色吊顶的色彩反差，搭配现代简约的家具令空间利落有致。
550738,0,空间,客厅有一面大大的落地窗为空间带来温暖的阳光,['温暖'],客厅有一面大大的落地窗为空间带来温暖的阳光，地台将客厅与阳台作了简单的分隔，打造出一个专属的植物氧吧；浅灰色背景墙与白色吊顶的色彩反差，搭配现代简约的家具令空间利落有致。
550738,1,客厅,地台将客厅与阳台作了简单的分隔,['简单'],客厅有一面大大的落地窗为空间带来温暖的阳光，地台将客厅与阳台作了简单的分隔，打造出一个专属的植物氧吧；浅灰色背景墙与白色吊顶的色彩反差，搭配现代简约的家具令空间利落有致。
550738,1,阳台,地台将客厅与阳台作了简单的分隔,['简单'],客厅有一面大大的落地窗为空间带来温暖的阳光，地台将客厅与阳台作了简单的分隔，打造出一个专属的植物氧吧；浅灰色背景墙与白色吊顶的色彩反差，搭配现代简约的家具令空间利落有致。
550738,2,植物,打造出一个专属的植物氧吧,[],客厅有一面大大的落地窗为空间带来温暖的阳光，地台将客厅与阳台作了简单的分隔，打造出一个专属的植物氧吧；浅灰色背景墙与白色吊顶的色彩反差，搭配现代简约的家具令空间利落有致。
550738,3,背景墙,浅灰色背景墙与白色吊顶的色彩反差,"['浅', '灰色', '白色']",客厅有一面大大的落地窗为空间带来温暖的阳光，地台将客厅与阳台作了简单的分隔，打造出一个专属的植物氧吧；浅灰色背景墙与白色吊顶的色彩反差，搭配现代简约的家具令空间利落有致。
550738,3,吊顶,浅灰色背景墙与白色吊顶的色彩反差,"['浅', '灰色', '白色']",客厅有一面大大的落地窗为空间带来温暖的阳光，地台将客厅与阳台作了简单的分隔，打造出一个专属的植物氧吧；浅灰色背景墙与白色吊顶的色彩反差，搭配现代简约的家具令空间利落有致。
550738,4,家具,搭配现代简约的家具令空间利落有致,[],客厅有一面大大的落地窗为空间带来温暖的阳光，地台将客厅与阳台作了简单的分隔，打造出一个专属的植物氧吧；浅灰色背景墙与白色吊顶的色彩反差，搭配现代简约的家具令空间利落有致。
550738,4,空间,搭配现代简约的家具令空间利落有致,[],客厅有一面大大的落地窗为空间带来温暖的阳光，地台将客厅与阳台作了简单的分隔，打造出一个专属的植物氧吧；浅灰色背景墙与白色吊顶的色彩反差，搭配现代简约的家具令空间利落有致。
550739,0,客厅,整个客厅以灰白为主色,[],整个客厅以灰白为主色，层次之中打造出一种沉静的氛围；深灰色沙发上的黄色靠垫，正如挂画中色亮色一样，点缀出色彩斑斓；几何造型的地毯搭配精致的金属茶几与轨道灯、金属玻璃吊灯，令整体空间简约不失时尚和趣味性。
550739,2,靠垫,深灰色沙发上的黄色靠垫,"['深灰色', '黄色']",整个客厅以灰白为主色，层次之中打造出一种沉静的氛围；深灰色沙发上的黄色靠垫，正如挂画中色亮色一样，点缀出色彩斑斓；几何造型的地毯搭配精致的金属茶几与轨道灯、金属玻璃吊灯，令整体空间简约不失时尚和趣味性。
550739,5,地毯,几何造型的地毯搭配精致的金属茶几与轨道灯、金属玻璃吊灯,['精致'],整个客厅以灰白为主色，层次之中打造出一种沉静的氛围；深灰色沙发上的黄色靠垫，正如挂画中色亮色一样，点缀出色彩斑斓；几何造型的地毯搭配精致的金属茶几与轨道灯、金属玻璃吊灯，令整体空间简约不失时尚和趣味性。
550739,5,金属,几何造型的地毯搭配精致的金属茶几与轨道灯、金属玻璃吊灯,['精致'],整个客厅以灰白为主色，层次之中打造出一种沉静的氛围；深灰色沙发上的黄色靠垫，正如挂画中色亮色一样，点缀出色彩斑斓；几何造型的地毯搭配精致的金属茶几与轨道灯、金属玻璃吊灯，令整体空间简约不失时尚和趣味性。
550739,5,茶几,几何造型的地毯搭配精致的金属茶几与轨道灯、金属玻璃吊灯,['精致'],整个客厅以灰白为主色，层次之中打造出一种沉静的氛围；深灰色沙发上的黄色靠垫，正如挂画中色亮色一样，点缀出色彩斑斓；几何造型的地毯搭配精致的金属茶几与轨道灯、金属玻璃吊灯，令整体空间简约不失时尚和趣味性。
550739,5,灯,几何造型的地毯搭配精致的金属茶几与轨道灯、金属玻璃吊灯,['精致'],整个客厅以灰白为主色，层次之中打造出一种沉静的氛围；深灰色沙发上的黄色靠垫，正如挂画中色亮色一样，点缀出色彩斑斓；几何造型的地毯搭配精致的金属茶几与轨道灯、金属玻璃吊灯，令整体空间简约不失时尚和趣味性。
550739,5,金属,几何造型的地毯搭配精致的金属茶几与轨道灯、金属玻璃吊灯,['精致'],整个客厅以灰白为主色，层次之中打造出一种沉静的氛围；深灰色沙发上的黄色靠垫，正如挂画中色亮色一样，点缀出色彩斑斓；几何造型的地毯搭配精致的金属茶几与轨道灯、金属玻璃吊灯，令整体空间简约不失时尚和趣味性。
550739,5,玻璃,几何造型的地毯搭配精致的金属茶几与轨道灯、金属玻璃吊灯,['精致'],整个客厅以灰白为主色，层次之中打造出一种沉静的氛围；深灰色沙发上的黄色靠垫，正如挂画中色亮色一样，点缀出色彩斑斓；几何造型的地毯搭配精致的金属茶几与轨道灯、金属玻璃吊灯，令整体空间简约不失时尚和趣味性。
550739,5,吊灯,几何造型的地毯搭配精致的金属茶几与轨道灯、金属玻璃吊灯,['精致'],整个客厅以灰白为主色，层次之中打造出一种沉静的氛围；深灰色沙发上的黄色靠垫，正如挂画中色亮色一样，点缀出色彩斑斓；几何造型的地毯搭配精致的金属茶几与轨道灯、金属玻璃吊灯，令整体空间简约不失时尚和趣味性。
550739,6,空间,令整体空间简约不失时尚和趣味性,[],整个客厅以灰白为主色，层次之中打造出一种沉静的氛围；深灰色沙发上的黄色靠垫，正如挂画中色亮色一样，点缀出色彩斑斓；几何造型的地毯搭配精致的金属茶几与轨道灯、金属玻璃吊灯，令整体空间简约不失时尚和趣味性。
550740,0,餐厅,餐厅选用了木质餐桌椅,[],餐厅选用了木质餐桌椅，搭配色彩明亮的小吊灯，错落有致的排布，打造一份轻松愉悦。
550740,0,餐桌椅,餐厅选用了木质餐桌椅,[],餐厅选用了木质餐桌椅，搭配色彩明亮的小吊灯，错落有致的排布，打造一份轻松愉悦。
550740,1,吊灯,搭配色彩明亮的小吊灯,['明亮'],餐厅选用了木质餐桌椅，搭配色彩明亮的小吊灯，错落有致的排布，打造一份轻松愉悦。
550741,0,空间,开阔的空间,[],开阔的空间，因为充沛的光线显得十分明快，布置有序的家具与配饰，装饰出空间的和谐、静谧的氛围。
550741,1,光线,因为充沛的光线显得十分明快,['明快'],开阔的空间，因为充沛的光线显得十分明快，布置有序的家具与配饰，装饰出空间的和谐、静谧的氛围。
550741,2,家具,布置有序的家具与配饰,[],开阔的空间，因为充沛的光线显得十分明快，布置有序的家具与配饰，装饰出空间的和谐、静谧的氛围。
550741,3,装饰,装饰出空间的和谐、静谧的氛围,['和谐'],开阔的空间，因为充沛的光线显得十分明快，布置有序的家具与配饰，装饰出空间的和谐、静谧的氛围。
550741,3,空间,装饰出空间的和谐、静谧的氛围,['和谐'],开阔的空间，因为充沛的光线显得十分明快，布置有序的家具与配饰，装饰出空间的和谐、静谧的氛围。
550742,0,餐厅,餐厅与厨房动线合理,[],餐厅与厨房动线合理，功能分区明确，半开放式的空间设计通透明亮而不拥挤，原木地板搭配原木餐桌打造出北欧的温实；简约风彩色吊灯、精秀的茶具，裹挟着餐桌上的画作，装饰出惬意的氛围。
550742,0,厨房,餐厅与厨房动线合理,[],餐厅与厨房动线合理，功能分区明确，半开放式的空间设计通透明亮而不拥挤，原木地板搭配原木餐桌打造出北欧的温实；简约风彩色吊灯、精秀的茶具，裹挟着餐桌上的画作，装饰出惬意的氛围。
550742,0,动线,餐厅与厨房动线合理,[],餐厅与厨房动线合理，功能分区明确，半开放式的空间设计通透明亮而不拥挤，原木地板搭配原木餐桌打造出北欧的温实；简约风彩色吊灯、精秀的茶具，裹挟着餐桌上的画作，装饰出惬意的氛围。
550742,3,木地板,原木地板搭配原木餐桌打造出北欧的温实,['温实'],餐厅与厨房动线合理，功能分区明确，半开放式的空间设计通透明亮而不拥挤，原木地板搭配原木餐桌打造出北欧的温实；简约风彩色吊灯、精秀的茶具，裹挟着餐桌上的画作，装饰出惬意的氛围。
550742,3,餐桌,原木地板搭配原木餐桌打造出北欧的温实,['温实'],餐厅与厨房动线合理，功能分区明确，半开放式的空间设计通透明亮而不拥挤，原木地板搭配原木餐桌打造出北欧的温实；简约风彩色吊灯、精秀的茶具，裹挟着餐桌上的画作，装饰出惬意的氛围。
550742,4,吊灯,简约风彩色吊灯、精秀的茶具,"['彩色', '精秀']",餐厅与厨房动线合理，功能分区明确，半开放式的空间设计通透明亮而不拥挤，原木地板搭配原木餐桌打造出北欧的温实；简约风彩色吊灯、精秀的茶具，裹挟着餐桌上的画作，装饰出惬意的氛围。
550742,5,画作,裹挟着餐桌上的画作,[],餐厅与厨房动线合理，功能分区明确，半开放式的空间设计通透明亮而不拥挤，原木地板搭配原木餐桌打造出北欧的温实；简约风彩色吊灯、精秀的茶具，裹挟着餐桌上的画作，装饰出惬意的氛围。
550742,6,装饰,装饰出惬意的氛围,['惬意'],餐厅与厨房动线合理，功能分区明确，半开放式的空间设计通透明亮而不拥挤，原木地板搭配原木餐桌打造出北欧的温实；简约风彩色吊灯、精秀的茶具，裹挟着餐桌上的画作，装饰出惬意的氛围。
550743,0,厨房,半开放式的厨房格调统一,[],半开放式的厨房格调统一，白色地砖搭配白色橱柜看起来干净整齐，电器设备嵌入其中，凸显出生活的品质；地砖和地板拼接式铺设自然地划分了空间区域，黑白墙上的圣诞树与原木边几调和出生活的简单和精致。
550743,1,地砖,白色地砖搭配白色橱柜看起来干净整齐,"['白色', '白色', '干净']",半开放式的厨房格调统一，白色地砖搭配白色橱柜看起来干净整齐，电器设备嵌入其中，凸显出生活的品质；地砖和地板拼接式铺设自然地划分了空间区域，黑白墙上的圣诞树与原木边几调和出生活的简单和精致。
550743,1,橱柜,白色地砖搭配白色橱柜看起来干净整齐,"['白色', '白色', '干净']",半开放式的厨房格调统一，白色地砖搭配白色橱柜看起来干净整齐，电器设备嵌入其中，凸显出生活的品质；地砖和地板拼接式铺设自然地划分了空间区域，黑白墙上的圣诞树与原木边几调和出生活的简单和精致。
550743,4,地砖,地砖和地板拼接式铺设自然地划分了空间区域,[],半开放式的厨房格调统一，白色地砖搭配白色橱柜看起来干净整齐，电器设备嵌入其中，凸显出生活的品质；地砖和地板拼接式铺设自然地划分了空间区域，黑白墙上的圣诞树与原木边几调和出生活的简单和精致。
550743,4,地板,地砖和地板拼接式铺设自然地划分了空间区域,[],半开放式的厨房格调统一，白色地砖搭配白色橱柜看起来干净整齐，电器设备嵌入其中，凸显出生活的品质；地砖和地板拼接式铺设自然地划分了空间区域，黑白墙上的圣诞树与原木边几调和出生活的简单和精致。
550743,4,空间,地砖和地板拼接式铺设自然地划分了空间区域,[],半开放式的厨房格调统一，白色地砖搭配白色橱柜看起来干净整齐，电器设备嵌入其中，凸显出生活的品质；地砖和地板拼接式铺设自然地划分了空间区域，黑白墙上的圣诞树与原木边几调和出生活的简单和精致。
550744,0,主卧,"
主卧白色的吊顶搭配深浅不一的灰色壁纸渲染空间的层次","['白色', '灰色']","
主卧白色的吊顶搭配深浅不一的灰色壁纸渲染空间的层次，背景墙高级灰的壁纸因为现代风的挂画、胡桃木的床头瞬间提升空间质感；内嵌式衣柜呼应着原木地板，简约的金属圆几，柔软的布艺床品，给予生活不同的质感。"
550744,0,吊顶,"
主卧白色的吊顶搭配深浅不一的灰色壁纸渲染空间的层次","['白色', '灰色']","
主卧白色的吊顶搭配深浅不一的灰色壁纸渲染空间的层次，背景墙高级灰的壁纸因为现代风的挂画、胡桃木的床头瞬间提升空间质感；内嵌式衣柜呼应着原木地板，简约的金属圆几，柔软的布艺床品，给予生活不同的质感。"
550744,0,壁纸,"
主卧白色的吊顶搭配深浅不一的灰色壁纸渲染空间的层次","['白色', '灰色']","
主卧白色的吊顶搭配深浅不一的灰色壁纸渲染空间的层次，背景墙高级灰的壁纸因为现代风的挂画、胡桃木的床头瞬间提升空间质感；内嵌式衣柜呼应着原木地板，简约的金属圆几，柔软的布艺床品，给予生活不同的质感。"
550744,0,空间,"
主卧白色的吊顶搭配深浅不一的灰色壁纸渲染空间的层次","['白色', '灰色']","
主卧白色的吊顶搭配深浅不一的灰色壁纸渲染空间的层次，背景墙高级灰的壁纸因为现代风的挂画、胡桃木的床头瞬间提升空间质感；内嵌式衣柜呼应着原木地板，简约的金属圆几，柔软的布艺床品，给予生活不同的质感。"
550744,1,背景墙,背景墙高级灰的壁纸因为现代风的挂画、胡桃木的床头瞬间提升空间质感,[],"
主卧白色的吊顶搭配深浅不一的灰色壁纸渲染空间的层次，背景墙高级灰的壁纸因为现代风的挂画、胡桃木的床头瞬间提升空间质感；内嵌式衣柜呼应着原木地板，简约的金属圆几，柔软的布艺床品，给予生活不同的质感。"
550744,1,壁纸,背景墙高级灰的壁纸因为现代风的挂画、胡桃木的床头瞬间提升空间质感,[],"
主卧白色的吊顶搭配深浅不一的灰色壁纸渲染空间的层次，背景墙高级灰的壁纸因为现代风的挂画、胡桃木的床头瞬间提升空间质感；内嵌式衣柜呼应着原木地板，简约的金属圆几，柔软的布艺床品，给予生活不同的质感。"
550744,1,床头,背景墙高级灰的壁纸因为现代风的挂画、胡桃木的床头瞬间提升空间质感,[],"
主卧白色的吊顶搭配深浅不一的灰色壁纸渲染空间的层次，背景墙高级灰的壁纸因为现代风的挂画、胡桃木的床头瞬间提升空间质感；内嵌式衣柜呼应着原木地板，简约的金属圆几，柔软的布艺床品，给予生活不同的质感。"
550744,1,空间,背景墙高级灰的壁纸因为现代风的挂画、胡桃木的床头瞬间提升空间质感,[],"
主卧白色的吊顶搭配深浅不一的灰色壁纸渲染空间的层次，背景墙高级灰的壁纸因为现代风的挂画、胡桃木的床头瞬间提升空间质感；内嵌式衣柜呼应着原木地板，简约的金属圆几，柔软的布艺床品，给予生活不同的质感。"
550744,2,衣柜,内嵌式衣柜呼应着原木地板,[],"
主卧白色的吊顶搭配深浅不一的灰色壁纸渲染空间的层次，背景墙高级灰的壁纸因为现代风的挂画、胡桃木的床头瞬间提升空间质感；内嵌式衣柜呼应着原木地板，简约的金属圆几，柔软的布艺床品，给予生活不同的质感。"
550744,2,木地板,内嵌式衣柜呼应着原木地板,[],"
主卧白色的吊顶搭配深浅不一的灰色壁纸渲染空间的层次，背景墙高级灰的壁纸因为现代风的挂画、胡桃木的床头瞬间提升空间质感；内嵌式衣柜呼应着原木地板，简约的金属圆几，柔软的布艺床品，给予生活不同的质感。"
550744,3,金属,简约的金属圆几,[],"
主卧白色的吊顶搭配深浅不一的灰色壁纸渲染空间的层次，背景墙高级灰的壁纸因为现代风的挂画、胡桃木的床头瞬间提升空间质感；内嵌式衣柜呼应着原木地板，简约的金属圆几，柔软的布艺床品，给予生活不同的质感。"
550744,4,布艺,柔软的布艺床品,['柔软'],"
主卧白色的吊顶搭配深浅不一的灰色壁纸渲染空间的层次，背景墙高级灰的壁纸因为现代风的挂画、胡桃木的床头瞬间提升空间质感；内嵌式衣柜呼应着原木地板，简约的金属圆几，柔软的布艺床品，给予生活不同的质感。"
550744,4,床品,柔软的布艺床品,['柔软'],"
主卧白色的吊顶搭配深浅不一的灰色壁纸渲染空间的层次，背景墙高级灰的壁纸因为现代风的挂画、胡桃木的床头瞬间提升空间质感；内嵌式衣柜呼应着原木地板，简约的金属圆几，柔软的布艺床品，给予生活不同的质感。"
550745,0,玻璃,次卧做了一整面玻璃推拉门增加了空间的通透性,[],次卧做了一整面玻璃推拉门增加了空间的通透性，让视野更加宽阔；榻榻米的设计极具储物性，实木书桌和悬挂式书架与之形成L型，赋予空间书房的功能；原木格调的空间因为一副绿叶挂画写照出自然风情，亦暖亦清，散发着清和。
550745,0,空间,次卧做了一整面玻璃推拉门增加了空间的通透性,[],次卧做了一整面玻璃推拉门增加了空间的通透性，让视野更加宽阔；榻榻米的设计极具储物性，实木书桌和悬挂式书架与之形成L型，赋予空间书房的功能；原木格调的空间因为一副绿叶挂画写照出自然风情，亦暖亦清，散发着清和。
550745,1,视野,让视野更加宽阔,['宽阔'],次卧做了一整面玻璃推拉门增加了空间的通透性，让视野更加宽阔；榻榻米的设计极具储物性，实木书桌和悬挂式书架与之形成L型，赋予空间书房的功能；原木格调的空间因为一副绿叶挂画写照出自然风情，亦暖亦清，散发着清和。
550745,2,榻榻米,榻榻米的设计极具储物性,[],次卧做了一整面玻璃推拉门增加了空间的通透性，让视野更加宽阔；榻榻米的设计极具储物性，实木书桌和悬挂式书架与之形成L型，赋予空间书房的功能；原木格调的空间因为一副绿叶挂画写照出自然风情，亦暖亦清，散发着清和。
550745,3,书桌,实木书桌和悬挂式书架与之形成L型,[],次卧做了一整面玻璃推拉门增加了空间的通透性，让视野更加宽阔；榻榻米的设计极具储物性，实木书桌和悬挂式书架与之形成L型，赋予空间书房的功能；原木格调的空间因为一副绿叶挂画写照出自然风情，亦暖亦清，散发着清和。
550745,3,书架,实木书桌和悬挂式书架与之形成L型,[],次卧做了一整面玻璃推拉门增加了空间的通透性，让视野更加宽阔；榻榻米的设计极具储物性，实木书桌和悬挂式书架与之形成L型，赋予空间书房的功能；原木格调的空间因为一副绿叶挂画写照出自然风情，亦暖亦清，散发着清和。
550745,4,空间,赋予空间书房的功能,[],次卧做了一整面玻璃推拉门增加了空间的通透性，让视野更加宽阔；榻榻米的设计极具储物性，实木书桌和悬挂式书架与之形成L型，赋予空间书房的功能；原木格调的空间因为一副绿叶挂画写照出自然风情，亦暖亦清，散发着清和。
550745,4,书房,赋予空间书房的功能,[],次卧做了一整面玻璃推拉门增加了空间的通透性，让视野更加宽阔；榻榻米的设计极具储物性，实木书桌和悬挂式书架与之形成L型，赋予空间书房的功能；原木格调的空间因为一副绿叶挂画写照出自然风情，亦暖亦清，散发着清和。
550745,5,空间,原木格调的空间因为一副绿叶挂画写照出自然风情,[],次卧做了一整面玻璃推拉门增加了空间的通透性，让视野更加宽阔；榻榻米的设计极具储物性，实木书桌和悬挂式书架与之形成L型，赋予空间书房的功能；原木格调的空间因为一副绿叶挂画写照出自然风情，亦暖亦清，散发着清和。
550745,5,风情,原木格调的空间因为一副绿叶挂画写照出自然风情,[],次卧做了一整面玻璃推拉门增加了空间的通透性，让视野更加宽阔；榻榻米的设计极具储物性，实木书桌和悬挂式书架与之形成L型，赋予空间书房的功能；原木格调的空间因为一副绿叶挂画写照出自然风情，亦暖亦清，散发着清和。
550746,0,卫生间,卫生间干湿分离,[],卫生间干湿分离，利用墙角做了玻璃隔断，规避了潮湿的问题；盥洗区圆形镜子可以中和小空间的线条感让整体都变得柔和起来，搭配收纳架，释放了更多的空间，不显得局促。
550746,1,玻璃,利用墙角做了玻璃隔断,[],卫生间干湿分离，利用墙角做了玻璃隔断，规避了潮湿的问题；盥洗区圆形镜子可以中和小空间的线条感让整体都变得柔和起来，搭配收纳架，释放了更多的空间，不显得局促。
550746,3,镜子,盥洗区圆形镜子可以中和小空间的线条感让整体都变得柔和起来,['柔和'],卫生间干湿分离，利用墙角做了玻璃隔断，规避了潮湿的问题；盥洗区圆形镜子可以中和小空间的线条感让整体都变得柔和起来，搭配收纳架，释放了更多的空间，不显得局促。
550746,3,空间,盥洗区圆形镜子可以中和小空间的线条感让整体都变得柔和起来,['柔和'],卫生间干湿分离，利用墙角做了玻璃隔断，规避了潮湿的问题；盥洗区圆形镜子可以中和小空间的线条感让整体都变得柔和起来，搭配收纳架，释放了更多的空间，不显得局促。
550746,5,空间,释放了更多的空间,[],卫生间干湿分离，利用墙角做了玻璃隔断，规避了潮湿的问题；盥洗区圆形镜子可以中和小空间的线条感让整体都变得柔和起来，搭配收纳架，释放了更多的空间，不显得局促。
550832,0,地砖,玄关在灰色的地砖空间,['灰色'],玄关在灰色的地砖空间，两侧定制收纳柜，布置全身镜与换鞋凳，让进门后的玄关空间显得更加简约优雅，而透着玻璃后的书房空间，也是增加了玄关的通透感与采光。
550832,0,空间,玄关在灰色的地砖空间,['灰色'],玄关在灰色的地砖空间，两侧定制收纳柜，布置全身镜与换鞋凳，让进门后的玄关空间显得更加简约优雅，而透着玻璃后的书房空间，也是增加了玄关的通透感与采光。
550832,2,凳,布置全身镜与换鞋凳,[],玄关在灰色的地砖空间，两侧定制收纳柜，布置全身镜与换鞋凳，让进门后的玄关空间显得更加简约优雅，而透着玻璃后的书房空间，也是增加了玄关的通透感与采光。
550832,3,空间,让进门后的玄关空间显得更加简约优雅,['优雅'],玄关在灰色的地砖空间，两侧定制收纳柜，布置全身镜与换鞋凳，让进门后的玄关空间显得更加简约优雅，而透着玻璃后的书房空间，也是增加了玄关的通透感与采光。
550832,4,玻璃,而透着玻璃后的书房空间,[],玄关在灰色的地砖空间，两侧定制收纳柜，布置全身镜与换鞋凳，让进门后的玄关空间显得更加简约优雅，而透着玻璃后的书房空间，也是增加了玄关的通透感与采光。
550832,4,书房,而透着玻璃后的书房空间,[],玄关在灰色的地砖空间，两侧定制收纳柜，布置全身镜与换鞋凳，让进门后的玄关空间显得更加简约优雅，而透着玻璃后的书房空间，也是增加了玄关的通透感与采光。
550832,4,空间,而透着玻璃后的书房空间,[],玄关在灰色的地砖空间，两侧定制收纳柜，布置全身镜与换鞋凳，让进门后的玄关空间显得更加简约优雅，而透着玻璃后的书房空间，也是增加了玄关的通透感与采光。
550833,0,空间,简约自然的空间,[],简约自然的空间，左侧琴叶榕、右侧格架柜，回家后的感受就是这般清新而轻松。
550834,0,地面,在灰色地面+无主灯的设计下,['灰色'],在灰色地面+无主灯的设计下，结合书房的玻璃隔墙，布置简约灰色的家具布置，让客厅充满自然舒适的轻松气质。
550834,1,书房,结合书房的玻璃隔墙,[],在灰色地面+无主灯的设计下，结合书房的玻璃隔墙，布置简约灰色的家具布置，让客厅充满自然舒适的轻松气质。
550834,1,玻璃,结合书房的玻璃隔墙,[],在灰色地面+无主灯的设计下，结合书房的玻璃隔墙，布置简约灰色的家具布置，让客厅充满自然舒适的轻松气质。
550834,2,家具,布置简约灰色的家具布置,['灰色'],在灰色地面+无主灯的设计下，结合书房的玻璃隔墙，布置简约灰色的家具布置，让客厅充满自然舒适的轻松气质。
550834,3,客厅,让客厅充满自然舒适的轻松气质,"['舒适', '轻松']",在灰色地面+无主灯的设计下，结合书房的玻璃隔墙，布置简约灰色的家具布置，让客厅充满自然舒适的轻松气质。
550835,1,单人,还有两盏舒适的单人沙发椅,['舒适'],实木+灰色皮质沙发，还有两盏舒适的单人沙发椅，结合原始木质感的电视柜台面，营造出一种极简高端的客厅氛围感，而小尺寸的茶几摆设，也让客厅空间显得更加宽敞大方。
550835,2,电视,结合原始木质感的电视柜台面,[],实木+灰色皮质沙发，还有两盏舒适的单人沙发椅，结合原始木质感的电视柜台面，营造出一种极简高端的客厅氛围感，而小尺寸的茶几摆设，也让客厅空间显得更加宽敞大方。
550835,3,客厅,营造出一种极简高端的客厅氛围感,['简'],实木+灰色皮质沙发，还有两盏舒适的单人沙发椅，结合原始木质感的电视柜台面，营造出一种极简高端的客厅氛围感，而小尺寸的茶几摆设，也让客厅空间显得更加宽敞大方。
550835,4,茶几,而小尺寸的茶几摆设,[],实木+灰色皮质沙发，还有两盏舒适的单人沙发椅，结合原始木质感的电视柜台面，营造出一种极简高端的客厅氛围感，而小尺寸的茶几摆设，也让客厅空间显得更加宽敞大方。
550835,5,客厅,也让客厅空间显得更加宽敞大方,['宽敞'],实木+灰色皮质沙发，还有两盏舒适的单人沙发椅，结合原始木质感的电视柜台面，营造出一种极简高端的客厅氛围感，而小尺寸的茶几摆设，也让客厅空间显得更加宽敞大方。
550835,5,空间,也让客厅空间显得更加宽敞大方,['宽敞'],实木+灰色皮质沙发，还有两盏舒适的单人沙发椅，结合原始木质感的电视柜台面，营造出一种极简高端的客厅氛围感，而小尺寸的茶几摆设，也让客厅空间显得更加宽敞大方。
550836,2,椅,还有两盏小吧椅布置,['小'],西厨中岛操作台，结合靠窗入墙式的电器柜，还有两盏小吧椅布置，为主人做料理点心提供了一个时尚优雅的小空间。
550836,3,空间,为主人做料理点心提供了一个时尚优雅的小空间,['优雅'],西厨中岛操作台，结合靠窗入墙式的电器柜，还有两盏小吧椅布置，为主人做料理点心提供了一个时尚优雅的小空间。
550838,0,书房,书房以玻璃隔墙的设计,[],书房以玻璃隔墙的设计，与客厅区域相通的视觉感显得格外的宽敞大方，布置双人书桌，后方的木质收纳柜，整个书房空间充满了自然舒适的温度。
550838,0,玻璃,书房以玻璃隔墙的设计,[],书房以玻璃隔墙的设计，与客厅区域相通的视觉感显得格外的宽敞大方，布置双人书桌，后方的木质收纳柜，整个书房空间充满了自然舒适的温度。
550838,1,客厅,与客厅区域相通的视觉感显得格外的宽敞大方,['宽敞'],书房以玻璃隔墙的设计，与客厅区域相通的视觉感显得格外的宽敞大方，布置双人书桌，后方的木质收纳柜，整个书房空间充满了自然舒适的温度。
550838,2,书桌,布置双人书桌,[],书房以玻璃隔墙的设计，与客厅区域相通的视觉感显得格外的宽敞大方，布置双人书桌，后方的木质收纳柜，整个书房空间充满了自然舒适的温度。
550838,4,书房,整个书房空间充满了自然舒适的温度,['舒适'],书房以玻璃隔墙的设计，与客厅区域相通的视觉感显得格外的宽敞大方，布置双人书桌，后方的木质收纳柜，整个书房空间充满了自然舒适的温度。
550838,4,空间,整个书房空间充满了自然舒适的温度,['舒适'],书房以玻璃隔墙的设计，与客厅区域相通的视觉感显得格外的宽敞大方，布置双人书桌，后方的木质收纳柜，整个书房空间充满了自然舒适的温度。
550840,0,木地板,儿童房在原木质感的木地板空间下,[],儿童房在原木质感的木地板空间下，靠窗定制了收纳飘窗+收纳柜+书桌组合，木质与白色的空间搭配下，带来的是一种现代自然的舒适与实用体验。
550840,0,空间,儿童房在原木质感的木地板空间下,[],儿童房在原木质感的木地板空间下，靠窗定制了收纳飘窗+收纳柜+书桌组合，木质与白色的空间搭配下，带来的是一种现代自然的舒适与实用体验。
550840,1,书桌,靠窗定制了收纳飘窗+收纳柜+书桌组合,[],儿童房在原木质感的木地板空间下，靠窗定制了收纳飘窗+收纳柜+书桌组合，木质与白色的空间搭配下，带来的是一种现代自然的舒适与实用体验。
550840,2,空间,木质与白色的空间搭配下,['白色'],儿童房在原木质感的木地板空间下，靠窗定制了收纳飘窗+收纳柜+书桌组合，木质与白色的空间搭配下，带来的是一种现代自然的舒适与实用体验。
550841,0,卫生间,卫生间以哑光灰色的地面墙面砖设计,['灰色'],"卫生间以哑光灰色的地面墙面砖设计，在钻石型的淋浴房空间下，也是提供了一个简雅舒适而实用的卫浴空间。
"
550841,0,地面,卫生间以哑光灰色的地面墙面砖设计,['灰色'],"卫生间以哑光灰色的地面墙面砖设计，在钻石型的淋浴房空间下，也是提供了一个简雅舒适而实用的卫浴空间。
"
550841,1,淋浴房,在钻石型的淋浴房空间下,[],"卫生间以哑光灰色的地面墙面砖设计，在钻石型的淋浴房空间下，也是提供了一个简雅舒适而实用的卫浴空间。
"
550841,1,空间,在钻石型的淋浴房空间下,[],"卫生间以哑光灰色的地面墙面砖设计，在钻石型的淋浴房空间下，也是提供了一个简雅舒适而实用的卫浴空间。
"
550841,2,空间,也是提供了一个简雅舒适而实用的卫浴空间,"['简雅', '舒适']","卫生间以哑光灰色的地面墙面砖设计，在钻石型的淋浴房空间下，也是提供了一个简雅舒适而实用的卫浴空间。
"
550688,0,客厅,客厅落地窗自然地保证了空间的采光,[],客厅落地窗自然地保证了空间的采光，铺贴了暖灰色的大理石地砖，更显沉稳；玄关摆上古典范的金属玄关柜呈现出优雅，再加上V字形的壁纸搭配挂画和玻璃吊灯，一进门就觉得分外的现代奢华；客厅吊顶装了金属装饰，一盏优雅的吊灯带来了端庄，沙发背景墙两个金属的大鹏展翅点缀其间，赋予了这个空间灵动和华贵。
550688,0,落地窗,客厅落地窗自然地保证了空间的采光,[],客厅落地窗自然地保证了空间的采光，铺贴了暖灰色的大理石地砖，更显沉稳；玄关摆上古典范的金属玄关柜呈现出优雅，再加上V字形的壁纸搭配挂画和玻璃吊灯，一进门就觉得分外的现代奢华；客厅吊顶装了金属装饰，一盏优雅的吊灯带来了端庄，沙发背景墙两个金属的大鹏展翅点缀其间，赋予了这个空间灵动和华贵。
550688,0,空间,客厅落地窗自然地保证了空间的采光,[],客厅落地窗自然地保证了空间的采光，铺贴了暖灰色的大理石地砖，更显沉稳；玄关摆上古典范的金属玄关柜呈现出优雅，再加上V字形的壁纸搭配挂画和玻璃吊灯，一进门就觉得分外的现代奢华；客厅吊顶装了金属装饰，一盏优雅的吊灯带来了端庄，沙发背景墙两个金属的大鹏展翅点缀其间，赋予了这个空间灵动和华贵。
550688,1,大理石,铺贴了暖灰色的大理石地砖,"['暖', '灰色']",客厅落地窗自然地保证了空间的采光，铺贴了暖灰色的大理石地砖，更显沉稳；玄关摆上古典范的金属玄关柜呈现出优雅，再加上V字形的壁纸搭配挂画和玻璃吊灯，一进门就觉得分外的现代奢华；客厅吊顶装了金属装饰，一盏优雅的吊灯带来了端庄，沙发背景墙两个金属的大鹏展翅点缀其间，赋予了这个空间灵动和华贵。
550688,1,地砖,铺贴了暖灰色的大理石地砖,"['暖', '灰色']",客厅落地窗自然地保证了空间的采光，铺贴了暖灰色的大理石地砖，更显沉稳；玄关摆上古典范的金属玄关柜呈现出优雅，再加上V字形的壁纸搭配挂画和玻璃吊灯，一进门就觉得分外的现代奢华；客厅吊顶装了金属装饰，一盏优雅的吊灯带来了端庄，沙发背景墙两个金属的大鹏展翅点缀其间，赋予了这个空间灵动和华贵。
550688,3,金属,玄关摆上古典范的金属玄关柜呈现出优雅,['优雅'],客厅落地窗自然地保证了空间的采光，铺贴了暖灰色的大理石地砖，更显沉稳；玄关摆上古典范的金属玄关柜呈现出优雅，再加上V字形的壁纸搭配挂画和玻璃吊灯，一进门就觉得分外的现代奢华；客厅吊顶装了金属装饰，一盏优雅的吊灯带来了端庄，沙发背景墙两个金属的大鹏展翅点缀其间，赋予了这个空间灵动和华贵。
550688,4,壁纸,再加上V字形的壁纸搭配挂画和玻璃吊灯,[],客厅落地窗自然地保证了空间的采光，铺贴了暖灰色的大理石地砖，更显沉稳；玄关摆上古典范的金属玄关柜呈现出优雅，再加上V字形的壁纸搭配挂画和玻璃吊灯，一进门就觉得分外的现代奢华；客厅吊顶装了金属装饰，一盏优雅的吊灯带来了端庄，沙发背景墙两个金属的大鹏展翅点缀其间，赋予了这个空间灵动和华贵。
550688,4,玻璃,再加上V字形的壁纸搭配挂画和玻璃吊灯,[],客厅落地窗自然地保证了空间的采光，铺贴了暖灰色的大理石地砖，更显沉稳；玄关摆上古典范的金属玄关柜呈现出优雅，再加上V字形的壁纸搭配挂画和玻璃吊灯，一进门就觉得分外的现代奢华；客厅吊顶装了金属装饰，一盏优雅的吊灯带来了端庄，沙发背景墙两个金属的大鹏展翅点缀其间，赋予了这个空间灵动和华贵。
550688,4,吊灯,再加上V字形的壁纸搭配挂画和玻璃吊灯,[],客厅落地窗自然地保证了空间的采光，铺贴了暖灰色的大理石地砖，更显沉稳；玄关摆上古典范的金属玄关柜呈现出优雅，再加上V字形的壁纸搭配挂画和玻璃吊灯，一进门就觉得分外的现代奢华；客厅吊顶装了金属装饰，一盏优雅的吊灯带来了端庄，沙发背景墙两个金属的大鹏展翅点缀其间，赋予了这个空间灵动和华贵。
550688,6,客厅,客厅吊顶装了金属装饰,[],客厅落地窗自然地保证了空间的采光，铺贴了暖灰色的大理石地砖，更显沉稳；玄关摆上古典范的金属玄关柜呈现出优雅，再加上V字形的壁纸搭配挂画和玻璃吊灯，一进门就觉得分外的现代奢华；客厅吊顶装了金属装饰，一盏优雅的吊灯带来了端庄，沙发背景墙两个金属的大鹏展翅点缀其间，赋予了这个空间灵动和华贵。
550688,6,吊顶,客厅吊顶装了金属装饰,[],客厅落地窗自然地保证了空间的采光，铺贴了暖灰色的大理石地砖，更显沉稳；玄关摆上古典范的金属玄关柜呈现出优雅，再加上V字形的壁纸搭配挂画和玻璃吊灯，一进门就觉得分外的现代奢华；客厅吊顶装了金属装饰，一盏优雅的吊灯带来了端庄，沙发背景墙两个金属的大鹏展翅点缀其间，赋予了这个空间灵动和华贵。
550688,6,金属,客厅吊顶装了金属装饰,[],客厅落地窗自然地保证了空间的采光，铺贴了暖灰色的大理石地砖，更显沉稳；玄关摆上古典范的金属玄关柜呈现出优雅，再加上V字形的壁纸搭配挂画和玻璃吊灯，一进门就觉得分外的现代奢华；客厅吊顶装了金属装饰，一盏优雅的吊灯带来了端庄，沙发背景墙两个金属的大鹏展翅点缀其间，赋予了这个空间灵动和华贵。
550688,6,装饰,客厅吊顶装了金属装饰,[],客厅落地窗自然地保证了空间的采光，铺贴了暖灰色的大理石地砖，更显沉稳；玄关摆上古典范的金属玄关柜呈现出优雅，再加上V字形的壁纸搭配挂画和玻璃吊灯，一进门就觉得分外的现代奢华；客厅吊顶装了金属装饰，一盏优雅的吊灯带来了端庄，沙发背景墙两个金属的大鹏展翅点缀其间，赋予了这个空间灵动和华贵。
550688,7,吊灯,一盏优雅的吊灯带来了端庄,['优雅'],客厅落地窗自然地保证了空间的采光，铺贴了暖灰色的大理石地砖，更显沉稳；玄关摆上古典范的金属玄关柜呈现出优雅，再加上V字形的壁纸搭配挂画和玻璃吊灯，一进门就觉得分外的现代奢华；客厅吊顶装了金属装饰，一盏优雅的吊灯带来了端庄，沙发背景墙两个金属的大鹏展翅点缀其间，赋予了这个空间灵动和华贵。
550688,8,背景墙,沙发背景墙两个金属的大鹏展翅点缀其间,[],客厅落地窗自然地保证了空间的采光，铺贴了暖灰色的大理石地砖，更显沉稳；玄关摆上古典范的金属玄关柜呈现出优雅，再加上V字形的壁纸搭配挂画和玻璃吊灯，一进门就觉得分外的现代奢华；客厅吊顶装了金属装饰，一盏优雅的吊灯带来了端庄，沙发背景墙两个金属的大鹏展翅点缀其间，赋予了这个空间灵动和华贵。
550688,8,金属,沙发背景墙两个金属的大鹏展翅点缀其间,[],客厅落地窗自然地保证了空间的采光，铺贴了暖灰色的大理石地砖，更显沉稳；玄关摆上古典范的金属玄关柜呈现出优雅，再加上V字形的壁纸搭配挂画和玻璃吊灯，一进门就觉得分外的现代奢华；客厅吊顶装了金属装饰，一盏优雅的吊灯带来了端庄，沙发背景墙两个金属的大鹏展翅点缀其间，赋予了这个空间灵动和华贵。
550688,9,空间,赋予了这个空间灵动和华贵,['灵动'],客厅落地窗自然地保证了空间的采光，铺贴了暖灰色的大理石地砖，更显沉稳；玄关摆上古典范的金属玄关柜呈现出优雅，再加上V字形的壁纸搭配挂画和玻璃吊灯，一进门就觉得分外的现代奢华；客厅吊顶装了金属装饰，一盏优雅的吊灯带来了端庄，沙发背景墙两个金属的大鹏展翅点缀其间，赋予了这个空间灵动和华贵。
550689,0,客厅,客厅古典优雅的金属茶几、褐色皮质单人沙发椅搭配丹青色的布艺沙发,"['优雅', '褐色']","客厅古典优雅的金属茶几、褐色皮质单人沙发椅搭配丹青色的布艺沙发，满足典雅奢华；电视墙选用大理石材质，与白色电视柜组合出现代利落，简洁之中释放功能，布置有序的家具，以造型和色彩装饰出都市质感。
"
550689,0,金属,客厅古典优雅的金属茶几、褐色皮质单人沙发椅搭配丹青色的布艺沙发,"['优雅', '褐色']","客厅古典优雅的金属茶几、褐色皮质单人沙发椅搭配丹青色的布艺沙发，满足典雅奢华；电视墙选用大理石材质，与白色电视柜组合出现代利落，简洁之中释放功能，布置有序的家具，以造型和色彩装饰出都市质感。
"
550689,0,茶几,客厅古典优雅的金属茶几、褐色皮质单人沙发椅搭配丹青色的布艺沙发,"['优雅', '褐色']","客厅古典优雅的金属茶几、褐色皮质单人沙发椅搭配丹青色的布艺沙发，满足典雅奢华；电视墙选用大理石材质，与白色电视柜组合出现代利落，简洁之中释放功能，布置有序的家具，以造型和色彩装饰出都市质感。
"
550689,0,单人,客厅古典优雅的金属茶几、褐色皮质单人沙发椅搭配丹青色的布艺沙发,"['优雅', '褐色']","客厅古典优雅的金属茶几、褐色皮质单人沙发椅搭配丹青色的布艺沙发，满足典雅奢华；电视墙选用大理石材质，与白色电视柜组合出现代利落，简洁之中释放功能，布置有序的家具，以造型和色彩装饰出都市质感。
"
550689,2,电视墙,电视墙选用大理石材质,[],"客厅古典优雅的金属茶几、褐色皮质单人沙发椅搭配丹青色的布艺沙发，满足典雅奢华；电视墙选用大理石材质，与白色电视柜组合出现代利落，简洁之中释放功能，布置有序的家具，以造型和色彩装饰出都市质感。
"
550689,2,大理石,电视墙选用大理石材质,[],"客厅古典优雅的金属茶几、褐色皮质单人沙发椅搭配丹青色的布艺沙发，满足典雅奢华；电视墙选用大理石材质，与白色电视柜组合出现代利落，简洁之中释放功能，布置有序的家具，以造型和色彩装饰出都市质感。
"
550689,2,材质,电视墙选用大理石材质,[],"客厅古典优雅的金属茶几、褐色皮质单人沙发椅搭配丹青色的布艺沙发，满足典雅奢华；电视墙选用大理石材质，与白色电视柜组合出现代利落，简洁之中释放功能，布置有序的家具，以造型和色彩装饰出都市质感。
"
550689,3,电视柜,与白色电视柜组合出现代利落,['白色'],"客厅古典优雅的金属茶几、褐色皮质单人沙发椅搭配丹青色的布艺沙发，满足典雅奢华；电视墙选用大理石材质，与白色电视柜组合出现代利落，简洁之中释放功能，布置有序的家具，以造型和色彩装饰出都市质感。
"
550689,5,家具,布置有序的家具,[],"客厅古典优雅的金属茶几、褐色皮质单人沙发椅搭配丹青色的布艺沙发，满足典雅奢华；电视墙选用大理石材质，与白色电视柜组合出现代利落，简洁之中释放功能，布置有序的家具，以造型和色彩装饰出都市质感。
"
550689,6,装饰,以造型和色彩装饰出都市质感,[],"客厅古典优雅的金属茶几、褐色皮质单人沙发椅搭配丹青色的布艺沙发，满足典雅奢华；电视墙选用大理石材质，与白色电视柜组合出现代利落，简洁之中释放功能，布置有序的家具，以造型和色彩装饰出都市质感。
"
550692,0,餐厅,餐厅深灰色的地砖,['深灰色'],餐厅深灰色的地砖，搭配黑色砖线，简单之中铺贴出几何简美，吊顶装饰了一圈的金属，闪着金光，搭配水晶吊灯，渲染出璀璨的视觉效果；驼色条纹壁纸搭配乳白色的窗帘、纱幔营造出轻暖，黑白配色的挂画裹挟着现代艺术，给空间更多设计温情；丹青色的餐椅搭配大理石质感餐桌，表达优雅的生活格调。
550692,0,地砖,餐厅深灰色的地砖,['深灰色'],餐厅深灰色的地砖，搭配黑色砖线，简单之中铺贴出几何简美，吊顶装饰了一圈的金属，闪着金光，搭配水晶吊灯，渲染出璀璨的视觉效果；驼色条纹壁纸搭配乳白色的窗帘、纱幔营造出轻暖，黑白配色的挂画裹挟着现代艺术，给空间更多设计温情；丹青色的餐椅搭配大理石质感餐桌，表达优雅的生活格调。
550692,3,吊顶,吊顶装饰了一圈的金属,[],餐厅深灰色的地砖，搭配黑色砖线，简单之中铺贴出几何简美，吊顶装饰了一圈的金属，闪着金光，搭配水晶吊灯，渲染出璀璨的视觉效果；驼色条纹壁纸搭配乳白色的窗帘、纱幔营造出轻暖，黑白配色的挂画裹挟着现代艺术，给空间更多设计温情；丹青色的餐椅搭配大理石质感餐桌，表达优雅的生活格调。
550692,3,装饰,吊顶装饰了一圈的金属,[],餐厅深灰色的地砖，搭配黑色砖线，简单之中铺贴出几何简美，吊顶装饰了一圈的金属，闪着金光，搭配水晶吊灯，渲染出璀璨的视觉效果；驼色条纹壁纸搭配乳白色的窗帘、纱幔营造出轻暖，黑白配色的挂画裹挟着现代艺术，给空间更多设计温情；丹青色的餐椅搭配大理石质感餐桌，表达优雅的生活格调。
550692,3,金属,吊顶装饰了一圈的金属,[],餐厅深灰色的地砖，搭配黑色砖线，简单之中铺贴出几何简美，吊顶装饰了一圈的金属，闪着金光，搭配水晶吊灯，渲染出璀璨的视觉效果；驼色条纹壁纸搭配乳白色的窗帘、纱幔营造出轻暖，黑白配色的挂画裹挟着现代艺术，给空间更多设计温情；丹青色的餐椅搭配大理石质感餐桌，表达优雅的生活格调。
550692,5,水晶,搭配水晶吊灯,[],餐厅深灰色的地砖，搭配黑色砖线，简单之中铺贴出几何简美，吊顶装饰了一圈的金属，闪着金光，搭配水晶吊灯，渲染出璀璨的视觉效果；驼色条纹壁纸搭配乳白色的窗帘、纱幔营造出轻暖，黑白配色的挂画裹挟着现代艺术，给空间更多设计温情；丹青色的餐椅搭配大理石质感餐桌，表达优雅的生活格调。
550692,5,吊灯,搭配水晶吊灯,[],餐厅深灰色的地砖，搭配黑色砖线，简单之中铺贴出几何简美，吊顶装饰了一圈的金属，闪着金光，搭配水晶吊灯，渲染出璀璨的视觉效果；驼色条纹壁纸搭配乳白色的窗帘、纱幔营造出轻暖，黑白配色的挂画裹挟着现代艺术，给空间更多设计温情；丹青色的餐椅搭配大理石质感餐桌，表达优雅的生活格调。
550692,7,条纹,驼色条纹壁纸搭配乳白色的窗帘、纱幔营造出轻暖,"['驼色', '乳白色']",餐厅深灰色的地砖，搭配黑色砖线，简单之中铺贴出几何简美，吊顶装饰了一圈的金属，闪着金光，搭配水晶吊灯，渲染出璀璨的视觉效果；驼色条纹壁纸搭配乳白色的窗帘、纱幔营造出轻暖，黑白配色的挂画裹挟着现代艺术，给空间更多设计温情；丹青色的餐椅搭配大理石质感餐桌，表达优雅的生活格调。
550692,7,壁纸,驼色条纹壁纸搭配乳白色的窗帘、纱幔营造出轻暖,"['驼色', '乳白色']",餐厅深灰色的地砖，搭配黑色砖线，简单之中铺贴出几何简美，吊顶装饰了一圈的金属，闪着金光，搭配水晶吊灯，渲染出璀璨的视觉效果；驼色条纹壁纸搭配乳白色的窗帘、纱幔营造出轻暖，黑白配色的挂画裹挟着现代艺术，给空间更多设计温情；丹青色的餐椅搭配大理石质感餐桌，表达优雅的生活格调。
550692,7,窗帘,驼色条纹壁纸搭配乳白色的窗帘、纱幔营造出轻暖,"['驼色', '乳白色']",餐厅深灰色的地砖，搭配黑色砖线，简单之中铺贴出几何简美，吊顶装饰了一圈的金属，闪着金光，搭配水晶吊灯，渲染出璀璨的视觉效果；驼色条纹壁纸搭配乳白色的窗帘、纱幔营造出轻暖，黑白配色的挂画裹挟着现代艺术，给空间更多设计温情；丹青色的餐椅搭配大理石质感餐桌，表达优雅的生活格调。
550692,7,纱幔,驼色条纹壁纸搭配乳白色的窗帘、纱幔营造出轻暖,"['驼色', '乳白色']",餐厅深灰色的地砖，搭配黑色砖线，简单之中铺贴出几何简美，吊顶装饰了一圈的金属，闪着金光，搭配水晶吊灯，渲染出璀璨的视觉效果；驼色条纹壁纸搭配乳白色的窗帘、纱幔营造出轻暖，黑白配色的挂画裹挟着现代艺术，给空间更多设计温情；丹青色的餐椅搭配大理石质感餐桌，表达优雅的生活格调。
550692,8,配色,黑白配色的挂画裹挟着现代艺术,[],餐厅深灰色的地砖，搭配黑色砖线，简单之中铺贴出几何简美，吊顶装饰了一圈的金属，闪着金光，搭配水晶吊灯，渲染出璀璨的视觉效果；驼色条纹壁纸搭配乳白色的窗帘、纱幔营造出轻暖，黑白配色的挂画裹挟着现代艺术，给空间更多设计温情；丹青色的餐椅搭配大理石质感餐桌，表达优雅的生活格调。
550692,9,空间,给空间更多设计温情,[],餐厅深灰色的地砖，搭配黑色砖线，简单之中铺贴出几何简美，吊顶装饰了一圈的金属，闪着金光，搭配水晶吊灯，渲染出璀璨的视觉效果；驼色条纹壁纸搭配乳白色的窗帘、纱幔营造出轻暖，黑白配色的挂画裹挟着现代艺术，给空间更多设计温情；丹青色的餐椅搭配大理石质感餐桌，表达优雅的生活格调。
550692,10,餐椅,丹青色的餐椅搭配大理石质感餐桌,[],餐厅深灰色的地砖，搭配黑色砖线，简单之中铺贴出几何简美，吊顶装饰了一圈的金属，闪着金光，搭配水晶吊灯，渲染出璀璨的视觉效果；驼色条纹壁纸搭配乳白色的窗帘、纱幔营造出轻暖，黑白配色的挂画裹挟着现代艺术，给空间更多设计温情；丹青色的餐椅搭配大理石质感餐桌，表达优雅的生活格调。
550692,10,大理石,丹青色的餐椅搭配大理石质感餐桌,[],餐厅深灰色的地砖，搭配黑色砖线，简单之中铺贴出几何简美，吊顶装饰了一圈的金属，闪着金光，搭配水晶吊灯，渲染出璀璨的视觉效果；驼色条纹壁纸搭配乳白色的窗帘、纱幔营造出轻暖，黑白配色的挂画裹挟着现代艺术，给空间更多设计温情；丹青色的餐椅搭配大理石质感餐桌，表达优雅的生活格调。
550692,10,餐桌,丹青色的餐椅搭配大理石质感餐桌,[],餐厅深灰色的地砖，搭配黑色砖线，简单之中铺贴出几何简美，吊顶装饰了一圈的金属，闪着金光，搭配水晶吊灯，渲染出璀璨的视觉效果；驼色条纹壁纸搭配乳白色的窗帘、纱幔营造出轻暖，黑白配色的挂画裹挟着现代艺术，给空间更多设计温情；丹青色的餐椅搭配大理石质感餐桌，表达优雅的生活格调。
550693,0,餐厅,餐厅因为整体的配色,[],餐厅因为整体的配色，十分温馨，餐桌上质感十足的金属花瓶，添置一份华丽，搭配精致的餐具等，让用餐时光充满了浪漫的味道。
550693,0,配色,餐厅因为整体的配色,[],餐厅因为整体的配色，十分温馨，餐桌上质感十足的金属花瓶，添置一份华丽，搭配精致的餐具等，让用餐时光充满了浪漫的味道。
550693,2,金属,餐桌上质感十足的金属花瓶,[],餐厅因为整体的配色，十分温馨，餐桌上质感十足的金属花瓶，添置一份华丽，搭配精致的餐具等，让用餐时光充满了浪漫的味道。
550693,2,花瓶,餐桌上质感十足的金属花瓶,[],餐厅因为整体的配色，十分温馨，餐桌上质感十足的金属花瓶，添置一份华丽，搭配精致的餐具等，让用餐时光充满了浪漫的味道。
550693,4,餐具,搭配精致的餐具等,['精致'],餐厅因为整体的配色，十分温馨，餐桌上质感十足的金属花瓶，添置一份华丽，搭配精致的餐具等，让用餐时光充满了浪漫的味道。
550694,0,卧室,卧室虽然不大,['大'],卧室虽然不大，但是格局方正，对称的家具布置，更显中正大气；床头的背景墙使用了大片蓝色，金属边框和花蝶装饰，不经间装饰书些许典雅；床品以蓝色、黄色和白色做配色，优雅之中，营造安静、轻松、有质感的氛围。
550694,2,家具,对称的家具布置,[],卧室虽然不大，但是格局方正，对称的家具布置，更显中正大气；床头的背景墙使用了大片蓝色，金属边框和花蝶装饰，不经间装饰书些许典雅；床品以蓝色、黄色和白色做配色，优雅之中，营造安静、轻松、有质感的氛围。
550694,4,床头,床头的背景墙使用了大片蓝色,['蓝色'],卧室虽然不大，但是格局方正，对称的家具布置，更显中正大气；床头的背景墙使用了大片蓝色，金属边框和花蝶装饰，不经间装饰书些许典雅；床品以蓝色、黄色和白色做配色，优雅之中，营造安静、轻松、有质感的氛围。
550694,4,背景墙,床头的背景墙使用了大片蓝色,['蓝色'],卧室虽然不大，但是格局方正，对称的家具布置，更显中正大气；床头的背景墙使用了大片蓝色，金属边框和花蝶装饰，不经间装饰书些许典雅；床品以蓝色、黄色和白色做配色，优雅之中，营造安静、轻松、有质感的氛围。
550694,5,金属,金属边框和花蝶装饰,[],卧室虽然不大，但是格局方正，对称的家具布置，更显中正大气；床头的背景墙使用了大片蓝色，金属边框和花蝶装饰，不经间装饰书些许典雅；床品以蓝色、黄色和白色做配色，优雅之中，营造安静、轻松、有质感的氛围。
550694,5,边框,金属边框和花蝶装饰,[],卧室虽然不大，但是格局方正，对称的家具布置，更显中正大气；床头的背景墙使用了大片蓝色，金属边框和花蝶装饰，不经间装饰书些许典雅；床品以蓝色、黄色和白色做配色，优雅之中，营造安静、轻松、有质感的氛围。
550694,5,装饰,金属边框和花蝶装饰,[],卧室虽然不大，但是格局方正，对称的家具布置，更显中正大气；床头的背景墙使用了大片蓝色，金属边框和花蝶装饰，不经间装饰书些许典雅；床品以蓝色、黄色和白色做配色，优雅之中，营造安静、轻松、有质感的氛围。
550694,6,装饰,不经间装饰书些许典雅,['典雅'],卧室虽然不大，但是格局方正，对称的家具布置，更显中正大气；床头的背景墙使用了大片蓝色，金属边框和花蝶装饰，不经间装饰书些许典雅；床品以蓝色、黄色和白色做配色，优雅之中，营造安静、轻松、有质感的氛围。
550694,6,书,不经间装饰书些许典雅,['典雅'],卧室虽然不大，但是格局方正，对称的家具布置，更显中正大气；床头的背景墙使用了大片蓝色，金属边框和花蝶装饰，不经间装饰书些许典雅；床品以蓝色、黄色和白色做配色，优雅之中，营造安静、轻松、有质感的氛围。
550694,7,床品,床品以蓝色、黄色和白色做配色,"['蓝色', '黄色', '白色']",卧室虽然不大，但是格局方正，对称的家具布置，更显中正大气；床头的背景墙使用了大片蓝色，金属边框和花蝶装饰，不经间装饰书些许典雅；床品以蓝色、黄色和白色做配色，优雅之中，营造安静、轻松、有质感的氛围。
550694,7,配色,床品以蓝色、黄色和白色做配色,"['蓝色', '黄色', '白色']",卧室虽然不大，但是格局方正，对称的家具布置，更显中正大气；床头的背景墙使用了大片蓝色，金属边框和花蝶装饰，不经间装饰书些许典雅；床品以蓝色、黄色和白色做配色，优雅之中，营造安静、轻松、有质感的氛围。
550695,1,吊顶,白色吊顶通过金属和黑线勾边打造出几何层叠的效果,['白色'],次卧整体设计得较为简洁，白色吊顶通过金属和黑线勾边打造出几何层叠的效果，隐藏式照明设计凸显简洁感；木地板的温润，木色和乳灰色拼接式的背景墙以简单的材质和方式，营造朴质；灰色斑纹地毯和灰色的毛毯填补了白色床品的单调，搭配动物图案的窗帘，将沉闷扫去；胡桃木床头柜上蓝色的玻璃吊灯十分空灵，搭配胡桃木绿色皮质扶手椅、花器等，为主人打造了一个现代、讲究的温馨的空间。
550695,1,金属,白色吊顶通过金属和黑线勾边打造出几何层叠的效果,['白色'],次卧整体设计得较为简洁，白色吊顶通过金属和黑线勾边打造出几何层叠的效果，隐藏式照明设计凸显简洁感；木地板的温润，木色和乳灰色拼接式的背景墙以简单的材质和方式，营造朴质；灰色斑纹地毯和灰色的毛毯填补了白色床品的单调，搭配动物图案的窗帘，将沉闷扫去；胡桃木床头柜上蓝色的玻璃吊灯十分空灵，搭配胡桃木绿色皮质扶手椅、花器等，为主人打造了一个现代、讲究的温馨的空间。
550695,3,木地板,木地板的温润,[],次卧整体设计得较为简洁，白色吊顶通过金属和黑线勾边打造出几何层叠的效果，隐藏式照明设计凸显简洁感；木地板的温润，木色和乳灰色拼接式的背景墙以简单的材质和方式，营造朴质；灰色斑纹地毯和灰色的毛毯填补了白色床品的单调，搭配动物图案的窗帘，将沉闷扫去；胡桃木床头柜上蓝色的玻璃吊灯十分空灵，搭配胡桃木绿色皮质扶手椅、花器等，为主人打造了一个现代、讲究的温馨的空间。
550695,4,背景墙,木色和乳灰色拼接式的背景墙以简单的材质和方式,"['木色', '灰色', '简单']",次卧整体设计得较为简洁，白色吊顶通过金属和黑线勾边打造出几何层叠的效果，隐藏式照明设计凸显简洁感；木地板的温润，木色和乳灰色拼接式的背景墙以简单的材质和方式，营造朴质；灰色斑纹地毯和灰色的毛毯填补了白色床品的单调，搭配动物图案的窗帘，将沉闷扫去；胡桃木床头柜上蓝色的玻璃吊灯十分空灵，搭配胡桃木绿色皮质扶手椅、花器等，为主人打造了一个现代、讲究的温馨的空间。
550695,4,材质,木色和乳灰色拼接式的背景墙以简单的材质和方式,"['木色', '灰色', '简单']",次卧整体设计得较为简洁，白色吊顶通过金属和黑线勾边打造出几何层叠的效果，隐藏式照明设计凸显简洁感；木地板的温润，木色和乳灰色拼接式的背景墙以简单的材质和方式，营造朴质；灰色斑纹地毯和灰色的毛毯填补了白色床品的单调，搭配动物图案的窗帘，将沉闷扫去；胡桃木床头柜上蓝色的玻璃吊灯十分空灵，搭配胡桃木绿色皮质扶手椅、花器等，为主人打造了一个现代、讲究的温馨的空间。
550695,6,地毯,灰色斑纹地毯和灰色的毛毯填补了白色床品的单调,"['灰色', '灰色', '白色']",次卧整体设计得较为简洁，白色吊顶通过金属和黑线勾边打造出几何层叠的效果，隐藏式照明设计凸显简洁感；木地板的温润，木色和乳灰色拼接式的背景墙以简单的材质和方式，营造朴质；灰色斑纹地毯和灰色的毛毯填补了白色床品的单调，搭配动物图案的窗帘，将沉闷扫去；胡桃木床头柜上蓝色的玻璃吊灯十分空灵，搭配胡桃木绿色皮质扶手椅、花器等，为主人打造了一个现代、讲究的温馨的空间。
550695,6,床品,灰色斑纹地毯和灰色的毛毯填补了白色床品的单调,"['灰色', '灰色', '白色']",次卧整体设计得较为简洁，白色吊顶通过金属和黑线勾边打造出几何层叠的效果，隐藏式照明设计凸显简洁感；木地板的温润，木色和乳灰色拼接式的背景墙以简单的材质和方式，营造朴质；灰色斑纹地毯和灰色的毛毯填补了白色床品的单调，搭配动物图案的窗帘，将沉闷扫去；胡桃木床头柜上蓝色的玻璃吊灯十分空灵，搭配胡桃木绿色皮质扶手椅、花器等，为主人打造了一个现代、讲究的温馨的空间。
550695,7,动物,搭配动物图案的窗帘,[],次卧整体设计得较为简洁，白色吊顶通过金属和黑线勾边打造出几何层叠的效果，隐藏式照明设计凸显简洁感；木地板的温润，木色和乳灰色拼接式的背景墙以简单的材质和方式，营造朴质；灰色斑纹地毯和灰色的毛毯填补了白色床品的单调，搭配动物图案的窗帘，将沉闷扫去；胡桃木床头柜上蓝色的玻璃吊灯十分空灵，搭配胡桃木绿色皮质扶手椅、花器等，为主人打造了一个现代、讲究的温馨的空间。
550695,7,图案,搭配动物图案的窗帘,[],次卧整体设计得较为简洁，白色吊顶通过金属和黑线勾边打造出几何层叠的效果，隐藏式照明设计凸显简洁感；木地板的温润，木色和乳灰色拼接式的背景墙以简单的材质和方式，营造朴质；灰色斑纹地毯和灰色的毛毯填补了白色床品的单调，搭配动物图案的窗帘，将沉闷扫去；胡桃木床头柜上蓝色的玻璃吊灯十分空灵，搭配胡桃木绿色皮质扶手椅、花器等，为主人打造了一个现代、讲究的温馨的空间。
550695,7,窗帘,搭配动物图案的窗帘,[],次卧整体设计得较为简洁，白色吊顶通过金属和黑线勾边打造出几何层叠的效果，隐藏式照明设计凸显简洁感；木地板的温润，木色和乳灰色拼接式的背景墙以简单的材质和方式，营造朴质；灰色斑纹地毯和灰色的毛毯填补了白色床品的单调，搭配动物图案的窗帘，将沉闷扫去；胡桃木床头柜上蓝色的玻璃吊灯十分空灵，搭配胡桃木绿色皮质扶手椅、花器等，为主人打造了一个现代、讲究的温馨的空间。
550695,9,床头柜,胡桃木床头柜上蓝色的玻璃吊灯十分空灵,['蓝色'],次卧整体设计得较为简洁，白色吊顶通过金属和黑线勾边打造出几何层叠的效果，隐藏式照明设计凸显简洁感；木地板的温润，木色和乳灰色拼接式的背景墙以简单的材质和方式，营造朴质；灰色斑纹地毯和灰色的毛毯填补了白色床品的单调，搭配动物图案的窗帘，将沉闷扫去；胡桃木床头柜上蓝色的玻璃吊灯十分空灵，搭配胡桃木绿色皮质扶手椅、花器等，为主人打造了一个现代、讲究的温馨的空间。
550695,9,玻璃,胡桃木床头柜上蓝色的玻璃吊灯十分空灵,['蓝色'],次卧整体设计得较为简洁，白色吊顶通过金属和黑线勾边打造出几何层叠的效果，隐藏式照明设计凸显简洁感；木地板的温润，木色和乳灰色拼接式的背景墙以简单的材质和方式，营造朴质；灰色斑纹地毯和灰色的毛毯填补了白色床品的单调，搭配动物图案的窗帘，将沉闷扫去；胡桃木床头柜上蓝色的玻璃吊灯十分空灵，搭配胡桃木绿色皮质扶手椅、花器等，为主人打造了一个现代、讲究的温馨的空间。
550695,9,吊灯,胡桃木床头柜上蓝色的玻璃吊灯十分空灵,['蓝色'],次卧整体设计得较为简洁，白色吊顶通过金属和黑线勾边打造出几何层叠的效果，隐藏式照明设计凸显简洁感；木地板的温润，木色和乳灰色拼接式的背景墙以简单的材质和方式，营造朴质；灰色斑纹地毯和灰色的毛毯填补了白色床品的单调，搭配动物图案的窗帘，将沉闷扫去；胡桃木床头柜上蓝色的玻璃吊灯十分空灵，搭配胡桃木绿色皮质扶手椅、花器等，为主人打造了一个现代、讲究的温馨的空间。
550695,10,扶手椅,搭配胡桃木绿色皮质扶手椅、花器等,['绿色'],次卧整体设计得较为简洁，白色吊顶通过金属和黑线勾边打造出几何层叠的效果，隐藏式照明设计凸显简洁感；木地板的温润，木色和乳灰色拼接式的背景墙以简单的材质和方式，营造朴质；灰色斑纹地毯和灰色的毛毯填补了白色床品的单调，搭配动物图案的窗帘，将沉闷扫去；胡桃木床头柜上蓝色的玻璃吊灯十分空灵，搭配胡桃木绿色皮质扶手椅、花器等，为主人打造了一个现代、讲究的温馨的空间。
550695,10,花器,搭配胡桃木绿色皮质扶手椅、花器等,['绿色'],次卧整体设计得较为简洁，白色吊顶通过金属和黑线勾边打造出几何层叠的效果，隐藏式照明设计凸显简洁感；木地板的温润，木色和乳灰色拼接式的背景墙以简单的材质和方式，营造朴质；灰色斑纹地毯和灰色的毛毯填补了白色床品的单调，搭配动物图案的窗帘，将沉闷扫去；胡桃木床头柜上蓝色的玻璃吊灯十分空灵，搭配胡桃木绿色皮质扶手椅、花器等，为主人打造了一个现代、讲究的温馨的空间。
550695,11,空间,为主人打造了一个现代、讲究的温馨的空间,[],次卧整体设计得较为简洁，白色吊顶通过金属和黑线勾边打造出几何层叠的效果，隐藏式照明设计凸显简洁感；木地板的温润，木色和乳灰色拼接式的背景墙以简单的材质和方式，营造朴质；灰色斑纹地毯和灰色的毛毯填补了白色床品的单调，搭配动物图案的窗帘，将沉闷扫去；胡桃木床头柜上蓝色的玻璃吊灯十分空灵，搭配胡桃木绿色皮质扶手椅、花器等，为主人打造了一个现代、讲究的温馨的空间。
550696,0,空间,空间开放式的格局更为畅通,[],空间开放式的格局更为畅通，衣帽间藏在卧室内，位于浴室的另一侧，置物架因为金属边框的装饰更显精致，白色梳妆台搭配灰色软凳满足日常之用，同时色彩反差之中，彰显空间美学。
550696,1,衣帽间,衣帽间藏在卧室内,[],空间开放式的格局更为畅通，衣帽间藏在卧室内，位于浴室的另一侧，置物架因为金属边框的装饰更显精致，白色梳妆台搭配灰色软凳满足日常之用，同时色彩反差之中，彰显空间美学。
550696,1,卧室,衣帽间藏在卧室内,[],空间开放式的格局更为畅通，衣帽间藏在卧室内，位于浴室的另一侧，置物架因为金属边框的装饰更显精致，白色梳妆台搭配灰色软凳满足日常之用，同时色彩反差之中，彰显空间美学。
550696,2,浴室,位于浴室的另一侧,[],空间开放式的格局更为畅通，衣帽间藏在卧室内，位于浴室的另一侧，置物架因为金属边框的装饰更显精致，白色梳妆台搭配灰色软凳满足日常之用，同时色彩反差之中，彰显空间美学。
550696,3,置物架,置物架因为金属边框的装饰更显精致,['精致'],空间开放式的格局更为畅通，衣帽间藏在卧室内，位于浴室的另一侧，置物架因为金属边框的装饰更显精致，白色梳妆台搭配灰色软凳满足日常之用，同时色彩反差之中，彰显空间美学。
550696,3,金属,置物架因为金属边框的装饰更显精致,['精致'],空间开放式的格局更为畅通，衣帽间藏在卧室内，位于浴室的另一侧，置物架因为金属边框的装饰更显精致，白色梳妆台搭配灰色软凳满足日常之用，同时色彩反差之中，彰显空间美学。
550696,3,边框,置物架因为金属边框的装饰更显精致,['精致'],空间开放式的格局更为畅通，衣帽间藏在卧室内，位于浴室的另一侧，置物架因为金属边框的装饰更显精致，白色梳妆台搭配灰色软凳满足日常之用，同时色彩反差之中，彰显空间美学。
550696,3,装饰,置物架因为金属边框的装饰更显精致,['精致'],空间开放式的格局更为畅通，衣帽间藏在卧室内，位于浴室的另一侧，置物架因为金属边框的装饰更显精致，白色梳妆台搭配灰色软凳满足日常之用，同时色彩反差之中，彰显空间美学。
550696,4,梳妆台,白色梳妆台搭配灰色软凳满足日常之用,"['白色', '灰色']",空间开放式的格局更为畅通，衣帽间藏在卧室内，位于浴室的另一侧，置物架因为金属边框的装饰更显精致，白色梳妆台搭配灰色软凳满足日常之用，同时色彩反差之中，彰显空间美学。
550696,6,空间,彰显空间美学,[],空间开放式的格局更为畅通，衣帽间藏在卧室内，位于浴室的另一侧，置物架因为金属边框的装饰更显精致，白色梳妆台搭配灰色软凳满足日常之用，同时色彩反差之中，彰显空间美学。
550697,0,卫生间,卫生间十分规整,[],"卫生间十分规整，平直的吊顶通过隐藏式椭圆形灯带和射灯进行采光，白色灰纹大理石砖石铺贴出天然的美感；玻璃墙将卫生间和卧室分隔，增加了采光，大鱼缸搭配金属底座的盥洗台，打造出摩登的卫浴时光。
"
550697,1,吊顶,平直的吊顶通过隐藏式椭圆形灯带和射灯进行采光,[],"卫生间十分规整，平直的吊顶通过隐藏式椭圆形灯带和射灯进行采光，白色灰纹大理石砖石铺贴出天然的美感；玻璃墙将卫生间和卧室分隔，增加了采光，大鱼缸搭配金属底座的盥洗台，打造出摩登的卫浴时光。
"
550697,1,灯带,平直的吊顶通过隐藏式椭圆形灯带和射灯进行采光,[],"卫生间十分规整，平直的吊顶通过隐藏式椭圆形灯带和射灯进行采光，白色灰纹大理石砖石铺贴出天然的美感；玻璃墙将卫生间和卧室分隔，增加了采光，大鱼缸搭配金属底座的盥洗台，打造出摩登的卫浴时光。
"
550697,1,射灯,平直的吊顶通过隐藏式椭圆形灯带和射灯进行采光,[],"卫生间十分规整，平直的吊顶通过隐藏式椭圆形灯带和射灯进行采光，白色灰纹大理石砖石铺贴出天然的美感；玻璃墙将卫生间和卧室分隔，增加了采光，大鱼缸搭配金属底座的盥洗台，打造出摩登的卫浴时光。
"
550697,2,大理石,白色灰纹大理石砖石铺贴出天然的美感,['白色'],"卫生间十分规整，平直的吊顶通过隐藏式椭圆形灯带和射灯进行采光，白色灰纹大理石砖石铺贴出天然的美感；玻璃墙将卫生间和卧室分隔，增加了采光，大鱼缸搭配金属底座的盥洗台，打造出摩登的卫浴时光。
"
550697,2,砖石,白色灰纹大理石砖石铺贴出天然的美感,['白色'],"卫生间十分规整，平直的吊顶通过隐藏式椭圆形灯带和射灯进行采光，白色灰纹大理石砖石铺贴出天然的美感；玻璃墙将卫生间和卧室分隔，增加了采光，大鱼缸搭配金属底座的盥洗台，打造出摩登的卫浴时光。
"
550697,3,卫生间,玻璃墙将卫生间和卧室分隔,[],"卫生间十分规整，平直的吊顶通过隐藏式椭圆形灯带和射灯进行采光，白色灰纹大理石砖石铺贴出天然的美感；玻璃墙将卫生间和卧室分隔，增加了采光，大鱼缸搭配金属底座的盥洗台，打造出摩登的卫浴时光。
"
550697,3,卧室,玻璃墙将卫生间和卧室分隔,[],"卫生间十分规整，平直的吊顶通过隐藏式椭圆形灯带和射灯进行采光，白色灰纹大理石砖石铺贴出天然的美感；玻璃墙将卫生间和卧室分隔，增加了采光，大鱼缸搭配金属底座的盥洗台，打造出摩登的卫浴时光。
"
550697,5,金属,大鱼缸搭配金属底座的盥洗台,[],"卫生间十分规整，平直的吊顶通过隐藏式椭圆形灯带和射灯进行采光，白色灰纹大理石砖石铺贴出天然的美感；玻璃墙将卫生间和卧室分隔，增加了采光，大鱼缸搭配金属底座的盥洗台，打造出摩登的卫浴时光。
"
550697,5,盥洗台,大鱼缸搭配金属底座的盥洗台,[],"卫生间十分规整，平直的吊顶通过隐藏式椭圆形灯带和射灯进行采光，白色灰纹大理石砖石铺贴出天然的美感；玻璃墙将卫生间和卧室分隔，增加了采光，大鱼缸搭配金属底座的盥洗台，打造出摩登的卫浴时光。
"
550561,1,鞋柜,左侧是大面积的收纳矮柜+鞋柜,['矮'],进门后的玄关，左侧是大面积的收纳矮柜+鞋柜，矮柜上摆上一盆蓝色的装饰花瓶，营造一份花意幽香的氛围；右侧则是一面全身镜，狭小的玄关空间，装扮的端庄而又精致，再加上仿古砖配上花纹边线，造就了空间的美式复古。
550561,2,装饰,矮柜上摆上一盆蓝色的装饰花瓶,"['矮', '蓝色']",进门后的玄关，左侧是大面积的收纳矮柜+鞋柜，矮柜上摆上一盆蓝色的装饰花瓶，营造一份花意幽香的氛围；右侧则是一面全身镜，狭小的玄关空间，装扮的端庄而又精致，再加上仿古砖配上花纹边线，造就了空间的美式复古。
550561,2,花瓶,矮柜上摆上一盆蓝色的装饰花瓶,"['矮', '蓝色']",进门后的玄关，左侧是大面积的收纳矮柜+鞋柜，矮柜上摆上一盆蓝色的装饰花瓶，营造一份花意幽香的氛围；右侧则是一面全身镜，狭小的玄关空间，装扮的端庄而又精致，再加上仿古砖配上花纹边线，造就了空间的美式复古。
550561,5,空间,狭小的玄关空间,[],进门后的玄关，左侧是大面积的收纳矮柜+鞋柜，矮柜上摆上一盆蓝色的装饰花瓶，营造一份花意幽香的氛围；右侧则是一面全身镜，狭小的玄关空间，装扮的端庄而又精致，再加上仿古砖配上花纹边线，造就了空间的美式复古。
550561,8,空间,造就了空间的美式复古,[],进门后的玄关，左侧是大面积的收纳矮柜+鞋柜，矮柜上摆上一盆蓝色的装饰花瓶，营造一份花意幽香的氛围；右侧则是一面全身镜，狭小的玄关空间，装扮的端庄而又精致，再加上仿古砖配上花纹边线，造就了空间的美式复古。
550562,0,门厅,门厅的矮柜后有个室内窗,[],门厅的矮柜后有个室内窗，，以百叶帘作为窗帘，透而不空的视觉感，非常的优雅端庄；白色的边柜搭配白色玻璃花瓶，给予空间一丝清雅静美。
550562,2,窗帘,以百叶帘作为窗帘,[],门厅的矮柜后有个室内窗，，以百叶帘作为窗帘，透而不空的视觉感，非常的优雅端庄；白色的边柜搭配白色玻璃花瓶，给予空间一丝清雅静美。
550562,5,边柜,白色的边柜搭配白色玻璃花瓶,"['白色', '白色']",门厅的矮柜后有个室内窗，，以百叶帘作为窗帘，透而不空的视觉感，非常的优雅端庄；白色的边柜搭配白色玻璃花瓶，给予空间一丝清雅静美。
550562,5,玻璃,白色的边柜搭配白色玻璃花瓶,"['白色', '白色']",门厅的矮柜后有个室内窗，，以百叶帘作为窗帘，透而不空的视觉感，非常的优雅端庄；白色的边柜搭配白色玻璃花瓶，给予空间一丝清雅静美。
550562,5,花瓶,白色的边柜搭配白色玻璃花瓶,"['白色', '白色']",门厅的矮柜后有个室内窗，，以百叶帘作为窗帘，透而不空的视觉感，非常的优雅端庄；白色的边柜搭配白色玻璃花瓶，给予空间一丝清雅静美。
550562,6,空间,给予空间一丝清雅静美,['清雅'],门厅的矮柜后有个室内窗，，以百叶帘作为窗帘，透而不空的视觉感，非常的优雅端庄；白色的边柜搭配白色玻璃花瓶，给予空间一丝清雅静美。
550563,0,客厅,整个客厅以简单大方的现代美式为主,['简单'],整个客厅以简单大方的现代美式为主，从电视墙与沙发墙也秉承了“简单”的章法，一幅风景画装饰出田园之意；乳白色现代美式沙发上青绿色和白色菱形靠垫，搭配上蓝色几何美式单人沙发，构成一个和谐的休息区，给现代美式的空间带来一份端庄。
550563,1,电视墙,从电视墙与沙发墙也秉承了“简单”的章法,['简单'],整个客厅以简单大方的现代美式为主，从电视墙与沙发墙也秉承了“简单”的章法，一幅风景画装饰出田园之意；乳白色现代美式沙发上青绿色和白色菱形靠垫，搭配上蓝色几何美式单人沙发，构成一个和谐的休息区，给现代美式的空间带来一份端庄。
550563,1,墙,从电视墙与沙发墙也秉承了“简单”的章法,['简单'],整个客厅以简单大方的现代美式为主，从电视墙与沙发墙也秉承了“简单”的章法，一幅风景画装饰出田园之意；乳白色现代美式沙发上青绿色和白色菱形靠垫，搭配上蓝色几何美式单人沙发，构成一个和谐的休息区，给现代美式的空间带来一份端庄。
550563,2,装饰,一幅风景画装饰出田园之意,[],整个客厅以简单大方的现代美式为主，从电视墙与沙发墙也秉承了“简单”的章法，一幅风景画装饰出田园之意；乳白色现代美式沙发上青绿色和白色菱形靠垫，搭配上蓝色几何美式单人沙发，构成一个和谐的休息区，给现代美式的空间带来一份端庄。
550563,3,靠垫,乳白色现代美式沙发上青绿色和白色菱形靠垫,"['乳白色', '青绿色', '白色']",整个客厅以简单大方的现代美式为主，从电视墙与沙发墙也秉承了“简单”的章法，一幅风景画装饰出田园之意；乳白色现代美式沙发上青绿色和白色菱形靠垫，搭配上蓝色几何美式单人沙发，构成一个和谐的休息区，给现代美式的空间带来一份端庄。
550563,4,单人,搭配上蓝色几何美式单人沙发,['蓝色'],整个客厅以简单大方的现代美式为主，从电视墙与沙发墙也秉承了“简单”的章法，一幅风景画装饰出田园之意；乳白色现代美式沙发上青绿色和白色菱形靠垫，搭配上蓝色几何美式单人沙发，构成一个和谐的休息区，给现代美式的空间带来一份端庄。
550563,5,休息区,构成一个和谐的休息区,['和谐'],整个客厅以简单大方的现代美式为主，从电视墙与沙发墙也秉承了“简单”的章法，一幅风景画装饰出田园之意；乳白色现代美式沙发上青绿色和白色菱形靠垫，搭配上蓝色几何美式单人沙发，构成一个和谐的休息区，给现代美式的空间带来一份端庄。
550563,6,空间,给现代美式的空间带来一份端庄,[],整个客厅以简单大方的现代美式为主，从电视墙与沙发墙也秉承了“简单”的章法，一幅风景画装饰出田园之意；乳白色现代美式沙发上青绿色和白色菱形靠垫，搭配上蓝色几何美式单人沙发，构成一个和谐的休息区，给现代美式的空间带来一份端庄。
550564,0,餐厅,餐厅一侧的墙面装上卡座,[],餐厅一侧的墙面装上卡座，搭配整个收纳柜组合，形成一个L型的格局，简单之中不乏收纳哲学；一张实木圆形的餐桌椅显得敦实考究，与墙面上摆放的黑白相框搭配花器和摆件等，营造了一份美式温情。
550564,0,墙面,餐厅一侧的墙面装上卡座,[],餐厅一侧的墙面装上卡座，搭配整个收纳柜组合，形成一个L型的格局，简单之中不乏收纳哲学；一张实木圆形的餐桌椅显得敦实考究，与墙面上摆放的黑白相框搭配花器和摆件等，营造了一份美式温情。
550564,4,餐桌椅,一张实木圆形的餐桌椅显得敦实考究,['敦实'],餐厅一侧的墙面装上卡座，搭配整个收纳柜组合，形成一个L型的格局，简单之中不乏收纳哲学；一张实木圆形的餐桌椅显得敦实考究，与墙面上摆放的黑白相框搭配花器和摆件等，营造了一份美式温情。
550564,5,墙面,与墙面上摆放的黑白相框搭配花器和摆件等,[],餐厅一侧的墙面装上卡座，搭配整个收纳柜组合，形成一个L型的格局，简单之中不乏收纳哲学；一张实木圆形的餐桌椅显得敦实考究，与墙面上摆放的黑白相框搭配花器和摆件等，营造了一份美式温情。
550564,5,花器,与墙面上摆放的黑白相框搭配花器和摆件等,[],餐厅一侧的墙面装上卡座，搭配整个收纳柜组合，形成一个L型的格局，简单之中不乏收纳哲学；一张实木圆形的餐桌椅显得敦实考究，与墙面上摆放的黑白相框搭配花器和摆件等，营造了一份美式温情。
550564,5,摆件,与墙面上摆放的黑白相框搭配花器和摆件等,[],餐厅一侧的墙面装上卡座，搭配整个收纳柜组合，形成一个L型的格局，简单之中不乏收纳哲学；一张实木圆形的餐桌椅显得敦实考究，与墙面上摆放的黑白相框搭配花器和摆件等，营造了一份美式温情。
550565,0,厨房,长条形的厨房虽然略显狭窄,['狭窄'],长条形的厨房虽然略显狭窄，但是暖灰色的亮面砖结合暖色的地面砖，搭配白色橱柜，并不显得沉闷，在现代美式的空间里装扮出时尚的空间感。
550565,2,橱柜,搭配白色橱柜,['白色'],长条形的厨房虽然略显狭窄，但是暖灰色的亮面砖结合暖色的地面砖，搭配白色橱柜，并不显得沉闷，在现代美式的空间里装扮出时尚的空间感。
550565,4,空间,在现代美式的空间里装扮出时尚的空间感,[],长条形的厨房虽然略显狭窄，但是暖灰色的亮面砖结合暖色的地面砖，搭配白色橱柜，并不显得沉闷，在现代美式的空间里装扮出时尚的空间感。
550566,0,走廊,走廊与玄关在设计中保持一致,[],"走廊与玄关在设计中保持一致，以暖灰色为墙面着色，搭配白色木门，显得雅静简洁；以菱形方式铺设的仿旧砖搭配颇具民族感的砖石来勾边，镶嵌出复古又异域风，点缀出空间的工艺美学。
"
550566,1,墙面,以暖灰色为墙面着色,"['暖', '灰色']","走廊与玄关在设计中保持一致，以暖灰色为墙面着色，搭配白色木门，显得雅静简洁；以菱形方式铺设的仿旧砖搭配颇具民族感的砖石来勾边，镶嵌出复古又异域风，点缀出空间的工艺美学。
"
550566,4,砖,以菱形方式铺设的仿旧砖搭配颇具民族感的砖石来勾边,[],"走廊与玄关在设计中保持一致，以暖灰色为墙面着色，搭配白色木门，显得雅静简洁；以菱形方式铺设的仿旧砖搭配颇具民族感的砖石来勾边，镶嵌出复古又异域风，点缀出空间的工艺美学。
"
550566,4,砖石,以菱形方式铺设的仿旧砖搭配颇具民族感的砖石来勾边,[],"走廊与玄关在设计中保持一致，以暖灰色为墙面着色，搭配白色木门，显得雅静简洁；以菱形方式铺设的仿旧砖搭配颇具民族感的砖石来勾边，镶嵌出复古又异域风，点缀出空间的工艺美学。
"
550566,5,异域,镶嵌出复古又异域风,[],"走廊与玄关在设计中保持一致，以暖灰色为墙面着色，搭配白色木门，显得雅静简洁；以菱形方式铺设的仿旧砖搭配颇具民族感的砖石来勾边，镶嵌出复古又异域风，点缀出空间的工艺美学。
"
550566,6,空间,点缀出空间的工艺美学,[],"走廊与玄关在设计中保持一致，以暖灰色为墙面着色，搭配白色木门，显得雅静简洁；以菱形方式铺设的仿旧砖搭配颇具民族感的砖石来勾边，镶嵌出复古又异域风，点缀出空间的工艺美学。
"
550566,6,工艺,点缀出空间的工艺美学,[],"走廊与玄关在设计中保持一致，以暖灰色为墙面着色，搭配白色木门，显得雅静简洁；以菱形方式铺设的仿旧砖搭配颇具民族感的砖石来勾边，镶嵌出复古又异域风，点缀出空间的工艺美学。
"
550567,0,卧室,卧室的天花板四周装上石膏线,[],卧室的天花板四周装上石膏线，与暖灰色墙面、胡桃木地板以“块状”的设计，形成整洁利落；美式家具和台灯搭配白色床单，显得端庄而又雅致。
550567,0,天花板,卧室的天花板四周装上石膏线,[],卧室的天花板四周装上石膏线，与暖灰色墙面、胡桃木地板以“块状”的设计，形成整洁利落；美式家具和台灯搭配白色床单，显得端庄而又雅致。
550567,0,石膏线,卧室的天花板四周装上石膏线,[],卧室的天花板四周装上石膏线，与暖灰色墙面、胡桃木地板以“块状”的设计，形成整洁利落；美式家具和台灯搭配白色床单，显得端庄而又雅致。
550567,1,墙面,与暖灰色墙面、胡桃木地板以“块状”的设计,"['暖', '灰色']",卧室的天花板四周装上石膏线，与暖灰色墙面、胡桃木地板以“块状”的设计，形成整洁利落；美式家具和台灯搭配白色床单，显得端庄而又雅致。
550567,1,地板,与暖灰色墙面、胡桃木地板以“块状”的设计,"['暖', '灰色']",卧室的天花板四周装上石膏线，与暖灰色墙面、胡桃木地板以“块状”的设计，形成整洁利落；美式家具和台灯搭配白色床单，显得端庄而又雅致。
550567,3,家具,美式家具和台灯搭配白色床单,['白色'],卧室的天花板四周装上石膏线，与暖灰色墙面、胡桃木地板以“块状”的设计，形成整洁利落；美式家具和台灯搭配白色床单，显得端庄而又雅致。
550567,3,台灯,美式家具和台灯搭配白色床单,['白色'],卧室的天花板四周装上石膏线，与暖灰色墙面、胡桃木地板以“块状”的设计，形成整洁利落；美式家具和台灯搭配白色床单，显得端庄而又雅致。
550568,0,卧室,卧室进门后,[],卧室进门后，顶部空间也跟衣柜连贯起来装成收纳柜，增加了储物空间；而大幅鲜花图案的床单，也为这个沉稳的空间添加了几分花样之语。
550568,1,空间,顶部空间也跟衣柜连贯起来装成收纳柜,[],卧室进门后，顶部空间也跟衣柜连贯起来装成收纳柜，增加了储物空间；而大幅鲜花图案的床单，也为这个沉稳的空间添加了几分花样之语。
550568,1,衣柜,顶部空间也跟衣柜连贯起来装成收纳柜,[],卧室进门后，顶部空间也跟衣柜连贯起来装成收纳柜，增加了储物空间；而大幅鲜花图案的床单，也为这个沉稳的空间添加了几分花样之语。
550568,2,空间,增加了储物空间,[],卧室进门后，顶部空间也跟衣柜连贯起来装成收纳柜，增加了储物空间；而大幅鲜花图案的床单，也为这个沉稳的空间添加了几分花样之语。
550568,3,图案,而大幅鲜花图案的床单,[],卧室进门后，顶部空间也跟衣柜连贯起来装成收纳柜，增加了储物空间；而大幅鲜花图案的床单，也为这个沉稳的空间添加了几分花样之语。
550568,4,空间,也为这个沉稳的空间添加了几分花样之语,['沉稳'],卧室进门后，顶部空间也跟衣柜连贯起来装成收纳柜，增加了储物空间；而大幅鲜花图案的床单，也为这个沉稳的空间添加了几分花样之语。
550569,0,空间,儿童房以粉红色漆粉刷空间,['粉红色'],儿童房以粉红色漆粉刷空间，搭配白色榻榻米、书柜与木色的书桌，构成洁净温馨，自然大方，也满是甜美感。
550569,1,榻榻米,搭配白色榻榻米、书柜与木色的书桌,"['白色', '木色']",儿童房以粉红色漆粉刷空间，搭配白色榻榻米、书柜与木色的书桌，构成洁净温馨，自然大方，也满是甜美感。
550569,1,书柜,搭配白色榻榻米、书柜与木色的书桌,"['白色', '木色']",儿童房以粉红色漆粉刷空间，搭配白色榻榻米、书柜与木色的书桌，构成洁净温馨，自然大方，也满是甜美感。
550569,1,书桌,搭配白色榻榻米、书柜与木色的书桌,"['白色', '木色']",儿童房以粉红色漆粉刷空间，搭配白色榻榻米、书柜与木色的书桌，构成洁净温馨，自然大方，也满是甜美感。
550570,0,书架,儿童房独特的斜顶书架与黑板墙,['独特'],儿童房独特的斜顶书架与黑板墙，装扮出了一个童趣的空间，显得活泼而有趣；在粉色、紫色和白色书架的色彩中和，空间更多了一些造型美学，赋予生活活色，也传达出“家”的理念。
550570,0,墙,儿童房独特的斜顶书架与黑板墙,['独特'],儿童房独特的斜顶书架与黑板墙，装扮出了一个童趣的空间，显得活泼而有趣；在粉色、紫色和白色书架的色彩中和，空间更多了一些造型美学，赋予生活活色，也传达出“家”的理念。
550570,1,空间,装扮出了一个童趣的空间,[],儿童房独特的斜顶书架与黑板墙，装扮出了一个童趣的空间，显得活泼而有趣；在粉色、紫色和白色书架的色彩中和，空间更多了一些造型美学，赋予生活活色，也传达出“家”的理念。
550570,3,书架,在粉色、紫色和白色书架的色彩中和,"['粉色', '紫色', '白色']",儿童房独特的斜顶书架与黑板墙，装扮出了一个童趣的空间，显得活泼而有趣；在粉色、紫色和白色书架的色彩中和，空间更多了一些造型美学，赋予生活活色，也传达出“家”的理念。
550570,4,空间,空间更多了一些造型美学,[],儿童房独特的斜顶书架与黑板墙，装扮出了一个童趣的空间，显得活泼而有趣；在粉色、紫色和白色书架的色彩中和，空间更多了一些造型美学，赋予生活活色，也传达出“家”的理念。
550571,0,卫生间,洗手盆设在卫生间的门外,[],洗手盆设在卫生间的门外，自然而然地进行干湿分区，十分利落；灰色的墙面搭配白色木门和盥洗柜，灰白之间，彰显出现代的简洁，解决收纳需求之余，更为精小洁净。
550571,3,墙面,灰色的墙面搭配白色木门和盥洗柜,"['灰色', '白色']",洗手盆设在卫生间的门外，自然而然地进行干湿分区，十分利落；灰色的墙面搭配白色木门和盥洗柜，灰白之间，彰显出现代的简洁，解决收纳需求之余，更为精小洁净。
550572,0,书房,书房因为建筑结构做了巧妙的收纳性设计,['巧妙'],书房因为建筑结构做了巧妙的收纳性设计，高低不同的书柜、储物柜化解了结构的缺陷，呈现出一个规整的效果；靠窗的位置是书桌，可以让阳台透过百叶窗照进室内，而大面积黑板墙给孩子发挥想象力和动手里的空间，颇为温情。
550572,0,结构,书房因为建筑结构做了巧妙的收纳性设计,['巧妙'],书房因为建筑结构做了巧妙的收纳性设计，高低不同的书柜、储物柜化解了结构的缺陷，呈现出一个规整的效果；靠窗的位置是书桌，可以让阳台透过百叶窗照进室内，而大面积黑板墙给孩子发挥想象力和动手里的空间，颇为温情。
550572,1,书柜,高低不同的书柜、储物柜化解了结构的缺陷,['不同'],书房因为建筑结构做了巧妙的收纳性设计，高低不同的书柜、储物柜化解了结构的缺陷，呈现出一个规整的效果；靠窗的位置是书桌，可以让阳台透过百叶窗照进室内，而大面积黑板墙给孩子发挥想象力和动手里的空间，颇为温情。
550572,1,储物柜,高低不同的书柜、储物柜化解了结构的缺陷,['不同'],书房因为建筑结构做了巧妙的收纳性设计，高低不同的书柜、储物柜化解了结构的缺陷，呈现出一个规整的效果；靠窗的位置是书桌，可以让阳台透过百叶窗照进室内，而大面积黑板墙给孩子发挥想象力和动手里的空间，颇为温情。
550572,1,结构,高低不同的书柜、储物柜化解了结构的缺陷,['不同'],书房因为建筑结构做了巧妙的收纳性设计，高低不同的书柜、储物柜化解了结构的缺陷，呈现出一个规整的效果；靠窗的位置是书桌，可以让阳台透过百叶窗照进室内，而大面积黑板墙给孩子发挥想象力和动手里的空间，颇为温情。
550572,3,书桌,靠窗的位置是书桌,[],书房因为建筑结构做了巧妙的收纳性设计，高低不同的书柜、储物柜化解了结构的缺陷，呈现出一个规整的效果；靠窗的位置是书桌，可以让阳台透过百叶窗照进室内，而大面积黑板墙给孩子发挥想象力和动手里的空间，颇为温情。
550572,4,阳台,可以让阳台透过百叶窗照进室内,[],书房因为建筑结构做了巧妙的收纳性设计，高低不同的书柜、储物柜化解了结构的缺陷，呈现出一个规整的效果；靠窗的位置是书桌，可以让阳台透过百叶窗照进室内，而大面积黑板墙给孩子发挥想象力和动手里的空间，颇为温情。
550572,4,百叶窗,可以让阳台透过百叶窗照进室内,[],书房因为建筑结构做了巧妙的收纳性设计，高低不同的书柜、储物柜化解了结构的缺陷，呈现出一个规整的效果；靠窗的位置是书桌，可以让阳台透过百叶窗照进室内，而大面积黑板墙给孩子发挥想象力和动手里的空间，颇为温情。
550572,5,墙,而大面积黑板墙给孩子发挥想象力和动手里的空间,[],书房因为建筑结构做了巧妙的收纳性设计，高低不同的书柜、储物柜化解了结构的缺陷，呈现出一个规整的效果；靠窗的位置是书桌，可以让阳台透过百叶窗照进室内，而大面积黑板墙给孩子发挥想象力和动手里的空间，颇为温情。
550572,5,孩子,而大面积黑板墙给孩子发挥想象力和动手里的空间,[],书房因为建筑结构做了巧妙的收纳性设计，高低不同的书柜、储物柜化解了结构的缺陷，呈现出一个规整的效果；靠窗的位置是书桌，可以让阳台透过百叶窗照进室内，而大面积黑板墙给孩子发挥想象力和动手里的空间，颇为温情。
550572,5,空间,而大面积黑板墙给孩子发挥想象力和动手里的空间,[],书房因为建筑结构做了巧妙的收纳性设计，高低不同的书柜、储物柜化解了结构的缺陷，呈现出一个规整的效果；靠窗的位置是书桌，可以让阳台透过百叶窗照进室内，而大面积黑板墙给孩子发挥想象力和动手里的空间，颇为温情。
550647,0,空间,玄关空间相对宽裕,[],玄关空间相对宽裕，靠窗摆上一张板凳换鞋凳+挂衣架，让回家的体验更加仪式优雅；右侧靠墙则是矮柜鞋柜底部留空作为常换鞋子的摆放，既节省空间又方便使用，十分实用。
550647,1,凳,靠窗摆上一张板凳换鞋凳+挂衣架,[],玄关空间相对宽裕，靠窗摆上一张板凳换鞋凳+挂衣架，让回家的体验更加仪式优雅；右侧靠墙则是矮柜鞋柜底部留空作为常换鞋子的摆放，既节省空间又方便使用，十分实用。
550647,3,鞋柜,右侧靠墙则是矮柜鞋柜底部留空作为常换鞋子的摆放,['矮'],玄关空间相对宽裕，靠窗摆上一张板凳换鞋凳+挂衣架，让回家的体验更加仪式优雅；右侧靠墙则是矮柜鞋柜底部留空作为常换鞋子的摆放，既节省空间又方便使用，十分实用。
550647,4,空间,既节省空间又方便使用,[],玄关空间相对宽裕，靠窗摆上一张板凳换鞋凳+挂衣架，让回家的体验更加仪式优雅；右侧靠墙则是矮柜鞋柜底部留空作为常换鞋子的摆放，既节省空间又方便使用，十分实用。
550648,0,电视墙,电视墙以白色文化砖的墙脚与顶部,['白色'],电视墙以白色文化砖的墙脚与顶部，中间加入木饰面的背景装饰，简单而不失温质；整体空间布置了胡桃木的电视柜与茶几，使得居家氛围十分舒适，朴质而大气。
550648,0,砖,电视墙以白色文化砖的墙脚与顶部,['白色'],电视墙以白色文化砖的墙脚与顶部，中间加入木饰面的背景装饰，简单而不失温质；整体空间布置了胡桃木的电视柜与茶几，使得居家氛围十分舒适，朴质而大气。
550648,1,背景,中间加入木饰面的背景装饰,[],电视墙以白色文化砖的墙脚与顶部，中间加入木饰面的背景装饰，简单而不失温质；整体空间布置了胡桃木的电视柜与茶几，使得居家氛围十分舒适，朴质而大气。
550648,1,装饰,中间加入木饰面的背景装饰,[],电视墙以白色文化砖的墙脚与顶部，中间加入木饰面的背景装饰，简单而不失温质；整体空间布置了胡桃木的电视柜与茶几，使得居家氛围十分舒适，朴质而大气。
550648,3,空间,整体空间布置了胡桃木的电视柜与茶几,[],电视墙以白色文化砖的墙脚与顶部，中间加入木饰面的背景装饰，简单而不失温质；整体空间布置了胡桃木的电视柜与茶几，使得居家氛围十分舒适，朴质而大气。
550648,3,电视柜,整体空间布置了胡桃木的电视柜与茶几,[],电视墙以白色文化砖的墙脚与顶部，中间加入木饰面的背景装饰，简单而不失温质；整体空间布置了胡桃木的电视柜与茶几，使得居家氛围十分舒适，朴质而大气。
550648,3,茶几,整体空间布置了胡桃木的电视柜与茶几,[],电视墙以白色文化砖的墙脚与顶部，中间加入木饰面的背景装饰，简单而不失温质；整体空间布置了胡桃木的电视柜与茶几，使得居家氛围十分舒适，朴质而大气。
550650,0,客厅,客厅内沙发墙以木质栏栅的背景简单区分空间,['简单'],客厅内沙发墙以木质栏栅的背景简单区分空间，既互通又简洁；灰蓝色的布艺沙发搭配胡桃木茶几，个性之中，不乏简约，搭配出舒适感。
550650,0,墙,客厅内沙发墙以木质栏栅的背景简单区分空间,['简单'],客厅内沙发墙以木质栏栅的背景简单区分空间，既互通又简洁；灰蓝色的布艺沙发搭配胡桃木茶几，个性之中，不乏简约，搭配出舒适感。
550650,0,背景,客厅内沙发墙以木质栏栅的背景简单区分空间,['简单'],客厅内沙发墙以木质栏栅的背景简单区分空间，既互通又简洁；灰蓝色的布艺沙发搭配胡桃木茶几，个性之中，不乏简约，搭配出舒适感。
550650,0,空间,客厅内沙发墙以木质栏栅的背景简单区分空间,['简单'],客厅内沙发墙以木质栏栅的背景简单区分空间，既互通又简洁；灰蓝色的布艺沙发搭配胡桃木茶几，个性之中，不乏简约，搭配出舒适感。
550650,2,茶几,灰蓝色的布艺沙发搭配胡桃木茶几,['蓝色'],客厅内沙发墙以木质栏栅的背景简单区分空间，既互通又简洁；灰蓝色的布艺沙发搭配胡桃木茶几，个性之中，不乏简约，搭配出舒适感。
550651,0,餐厅,整体客餐厅空间简洁大方,['简洁'],整体客餐厅空间简洁大方，原木地板和一扇木隔断与背景墙呼应自然温实；电视柜上黑白配的花瓶布置，也让空间显得格外的禅意雅致。
550651,0,空间,整体客餐厅空间简洁大方,['简洁'],整体客餐厅空间简洁大方，原木地板和一扇木隔断与背景墙呼应自然温实；电视柜上黑白配的花瓶布置，也让空间显得格外的禅意雅致。
550651,1,木地板,原木地板和一扇木隔断与背景墙呼应自然温实,['温实'],整体客餐厅空间简洁大方，原木地板和一扇木隔断与背景墙呼应自然温实；电视柜上黑白配的花瓶布置，也让空间显得格外的禅意雅致。
550651,1,背景墙,原木地板和一扇木隔断与背景墙呼应自然温实,['温实'],整体客餐厅空间简洁大方，原木地板和一扇木隔断与背景墙呼应自然温实；电视柜上黑白配的花瓶布置，也让空间显得格外的禅意雅致。
550651,2,电视柜,电视柜上黑白配的花瓶布置,[],整体客餐厅空间简洁大方，原木地板和一扇木隔断与背景墙呼应自然温实；电视柜上黑白配的花瓶布置，也让空间显得格外的禅意雅致。
550651,2,花瓶,电视柜上黑白配的花瓶布置,[],整体客餐厅空间简洁大方，原木地板和一扇木隔断与背景墙呼应自然温实；电视柜上黑白配的花瓶布置，也让空间显得格外的禅意雅致。
550651,3,空间,也让空间显得格外的禅意雅致,['雅致'],整体客餐厅空间简洁大方，原木地板和一扇木隔断与背景墙呼应自然温实；电视柜上黑白配的花瓶布置，也让空间显得格外的禅意雅致。
550652,0,餐厅,餐厅的墙面是木纹砖上墙的设计,[],餐厅的墙面是木纹砖上墙的设计，布置上端庄雅致，温润朴质；餐桌上儒雅的画作，与餐具摆设，搭配半圆餐椅，让空间显得更加雅致、别趣。
550652,0,墙面,餐厅的墙面是木纹砖上墙的设计,[],餐厅的墙面是木纹砖上墙的设计，布置上端庄雅致，温润朴质；餐桌上儒雅的画作，与餐具摆设，搭配半圆餐椅，让空间显得更加雅致、别趣。
550652,0,砖,餐厅的墙面是木纹砖上墙的设计,[],餐厅的墙面是木纹砖上墙的设计，布置上端庄雅致，温润朴质；餐桌上儒雅的画作，与餐具摆设，搭配半圆餐椅，让空间显得更加雅致、别趣。
550652,0,墙,餐厅的墙面是木纹砖上墙的设计,[],餐厅的墙面是木纹砖上墙的设计，布置上端庄雅致，温润朴质；餐桌上儒雅的画作，与餐具摆设，搭配半圆餐椅，让空间显得更加雅致、别趣。
550652,3,画作,餐桌上儒雅的画作,[],餐厅的墙面是木纹砖上墙的设计，布置上端庄雅致，温润朴质；餐桌上儒雅的画作，与餐具摆设，搭配半圆餐椅，让空间显得更加雅致、别趣。
550652,4,餐具,与餐具摆设,[],餐厅的墙面是木纹砖上墙的设计，布置上端庄雅致，温润朴质；餐桌上儒雅的画作，与餐具摆设，搭配半圆餐椅，让空间显得更加雅致、别趣。
550652,5,餐椅,搭配半圆餐椅,[],餐厅的墙面是木纹砖上墙的设计，布置上端庄雅致，温润朴质；餐桌上儒雅的画作，与餐具摆设，搭配半圆餐椅，让空间显得更加雅致、别趣。
550652,6,空间,让空间显得更加雅致、别趣,['雅致'],餐厅的墙面是木纹砖上墙的设计，布置上端庄雅致，温润朴质；餐桌上儒雅的画作，与餐具摆设，搭配半圆餐椅，让空间显得更加雅致、别趣。
550654,0,厨房,厨房在复古灰色的墙地面砖基础,['灰色'],厨房在复古灰色的墙地面砖基础，定制木色整体橱柜，缓和了砖石的沉冷，中和出温实雅致；墙砖上铺贴的黑白花砖，点缀出时尚，给空间给来些许艺术感。
550654,0,墙,厨房在复古灰色的墙地面砖基础,['灰色'],厨房在复古灰色的墙地面砖基础，定制木色整体橱柜，缓和了砖石的沉冷，中和出温实雅致；墙砖上铺贴的黑白花砖，点缀出时尚，给空间给来些许艺术感。
550654,2,砖石,缓和了砖石的沉冷,['缓和'],厨房在复古灰色的墙地面砖基础，定制木色整体橱柜，缓和了砖石的沉冷，中和出温实雅致；墙砖上铺贴的黑白花砖，点缀出时尚，给空间给来些许艺术感。
550654,4,墙砖,墙砖上铺贴的黑白花砖,[],厨房在复古灰色的墙地面砖基础，定制木色整体橱柜，缓和了砖石的沉冷，中和出温实雅致；墙砖上铺贴的黑白花砖，点缀出时尚，给空间给来些许艺术感。
550654,4,砖,墙砖上铺贴的黑白花砖,[],厨房在复古灰色的墙地面砖基础，定制木色整体橱柜，缓和了砖石的沉冷，中和出温实雅致；墙砖上铺贴的黑白花砖，点缀出时尚，给空间给来些许艺术感。
550654,6,空间,给空间给来些许艺术感,[],厨房在复古灰色的墙地面砖基础，定制木色整体橱柜，缓和了砖石的沉冷，中和出温实雅致；墙砖上铺贴的黑白花砖，点缀出时尚，给空间给来些许艺术感。
550655,0,卧室,卧室的背景墙铺贴了深灰木纹砖与胡桃木床、床头柜、与床尾凳,[],卧室的背景墙铺贴了深灰木纹砖与胡桃木床、床头柜、与床尾凳，形成朴质和温实，颇具质感；简约素雅的床单窗帘布置，营造出一种端庄舒适的氛围，极具中式和静。
550655,0,背景墙,卧室的背景墙铺贴了深灰木纹砖与胡桃木床、床头柜、与床尾凳,[],卧室的背景墙铺贴了深灰木纹砖与胡桃木床、床头柜、与床尾凳，形成朴质和温实，颇具质感；简约素雅的床单窗帘布置，营造出一种端庄舒适的氛围，极具中式和静。
550655,0,砖,卧室的背景墙铺贴了深灰木纹砖与胡桃木床、床头柜、与床尾凳,[],卧室的背景墙铺贴了深灰木纹砖与胡桃木床、床头柜、与床尾凳，形成朴质和温实，颇具质感；简约素雅的床单窗帘布置，营造出一种端庄舒适的氛围，极具中式和静。
550655,0,床,卧室的背景墙铺贴了深灰木纹砖与胡桃木床、床头柜、与床尾凳,[],卧室的背景墙铺贴了深灰木纹砖与胡桃木床、床头柜、与床尾凳，形成朴质和温实，颇具质感；简约素雅的床单窗帘布置，营造出一种端庄舒适的氛围，极具中式和静。
550655,0,床头柜,卧室的背景墙铺贴了深灰木纹砖与胡桃木床、床头柜、与床尾凳,[],卧室的背景墙铺贴了深灰木纹砖与胡桃木床、床头柜、与床尾凳，形成朴质和温实，颇具质感；简约素雅的床单窗帘布置，营造出一种端庄舒适的氛围，极具中式和静。
550655,0,凳,卧室的背景墙铺贴了深灰木纹砖与胡桃木床、床头柜、与床尾凳,[],卧室的背景墙铺贴了深灰木纹砖与胡桃木床、床头柜、与床尾凳，形成朴质和温实，颇具质感；简约素雅的床单窗帘布置，营造出一种端庄舒适的氛围，极具中式和静。
550655,3,窗帘,简约素雅的床单窗帘布置,['素雅'],卧室的背景墙铺贴了深灰木纹砖与胡桃木床、床头柜、与床尾凳，形成朴质和温实，颇具质感；简约素雅的床单窗帘布置，营造出一种端庄舒适的氛围，极具中式和静。
550656,0,衣帽间,衣帽间两侧定制得实木衣柜,[],衣帽间两侧定制得实木衣柜，解决了女主人的收纳需求，驼色和白色窗帘搭配，使得空间规整而大气；靠窗梳妆台的位置，更是为主人提供了一个独立享受精致生活的空间。
550656,0,衣柜,衣帽间两侧定制得实木衣柜,[],衣帽间两侧定制得实木衣柜，解决了女主人的收纳需求，驼色和白色窗帘搭配，使得空间规整而大气；靠窗梳妆台的位置，更是为主人提供了一个独立享受精致生活的空间。
550656,2,窗帘,驼色和白色窗帘搭配,"['驼色', '白色']",衣帽间两侧定制得实木衣柜，解决了女主人的收纳需求，驼色和白色窗帘搭配，使得空间规整而大气；靠窗梳妆台的位置，更是为主人提供了一个独立享受精致生活的空间。
550656,3,空间,使得空间规整而大气,[],衣帽间两侧定制得实木衣柜，解决了女主人的收纳需求，驼色和白色窗帘搭配，使得空间规整而大气；靠窗梳妆台的位置，更是为主人提供了一个独立享受精致生活的空间。
550656,4,梳妆台,靠窗梳妆台的位置,[],衣帽间两侧定制得实木衣柜，解决了女主人的收纳需求，驼色和白色窗帘搭配，使得空间规整而大气；靠窗梳妆台的位置，更是为主人提供了一个独立享受精致生活的空间。
550656,5,空间,更是为主人提供了一个独立享受精致生活的空间,['精致'],衣帽间两侧定制得实木衣柜，解决了女主人的收纳需求，驼色和白色窗帘搭配，使得空间规整而大气；靠窗梳妆台的位置，更是为主人提供了一个独立享受精致生活的空间。
550657,0,卧室,卧室旁边设置了一个主人的独立办公区,[],卧室旁边设置了一个主人的独立办公区，摆上胡桃木书桌，一盏落地灯和半圆形圈椅，形成一个隽永清和的氛围，充满文艺格调。
550657,1,书桌,摆上胡桃木书桌,[],卧室旁边设置了一个主人的独立办公区，摆上胡桃木书桌，一盏落地灯和半圆形圈椅，形成一个隽永清和的氛围，充满文艺格调。
550657,2,落地灯,一盏落地灯和半圆形圈椅,[],卧室旁边设置了一个主人的独立办公区，摆上胡桃木书桌，一盏落地灯和半圆形圈椅，形成一个隽永清和的氛围，充满文艺格调。
550657,2,圈椅,一盏落地灯和半圆形圈椅,[],卧室旁边设置了一个主人的独立办公区，摆上胡桃木书桌，一盏落地灯和半圆形圈椅，形成一个隽永清和的氛围，充满文艺格调。
550658,0,墙,主卫在灰色墙地面砖基础上,['灰色'],主卫在灰色墙地面砖基础上，搭配玻璃淋浴房，以干湿分区的设计，令生活更便捷；木色定制浴室柜以功能性使用，整个空间格外现代实用。
550658,1,玻璃,搭配玻璃淋浴房,[],主卫在灰色墙地面砖基础上，搭配玻璃淋浴房，以干湿分区的设计，令生活更便捷；木色定制浴室柜以功能性使用，整个空间格外现代实用。
550658,1,淋浴房,搭配玻璃淋浴房,[],主卫在灰色墙地面砖基础上，搭配玻璃淋浴房，以干湿分区的设计，令生活更便捷；木色定制浴室柜以功能性使用，整个空间格外现代实用。
550658,5,空间,整个空间格外现代实用,[],主卫在灰色墙地面砖基础上，搭配玻璃淋浴房，以干湿分区的设计，令生活更便捷；木色定制浴室柜以功能性使用，整个空间格外现代实用。
550768,0,客厅,客厅以现代风的空间硬装基础,[],客厅以现代风的空间硬装基础，在色调方面加入黄色、粉色与青色的设计，结合灰色布艺沙发，在华丽优雅的空间下，呈现出一种活跃而时尚的高级空间感。
550768,0,空间,客厅以现代风的空间硬装基础,[],客厅以现代风的空间硬装基础，在色调方面加入黄色、粉色与青色的设计，结合灰色布艺沙发，在华丽优雅的空间下，呈现出一种活跃而时尚的高级空间感。
550768,3,空间,在华丽优雅的空间下,['优雅'],客厅以现代风的空间硬装基础，在色调方面加入黄色、粉色与青色的设计，结合灰色布艺沙发，在华丽优雅的空间下，呈现出一种活跃而时尚的高级空间感。
550769,0,客厅,客厅中对称图案的大理石为背景,[],客厅中对称图案的大理石为背景，灰白配的纹理线条，布置端庄优雅的电视柜，与立体几何感的装饰画与摆饰品搭配出现代活泼的布置相呼应，带来的一种高级优雅的空间感。
550769,0,图案,客厅中对称图案的大理石为背景,[],客厅中对称图案的大理石为背景，灰白配的纹理线条，布置端庄优雅的电视柜，与立体几何感的装饰画与摆饰品搭配出现代活泼的布置相呼应，带来的一种高级优雅的空间感。
550769,0,大理石,客厅中对称图案的大理石为背景,[],客厅中对称图案的大理石为背景，灰白配的纹理线条，布置端庄优雅的电视柜，与立体几何感的装饰画与摆饰品搭配出现代活泼的布置相呼应，带来的一种高级优雅的空间感。
550769,0,背景,客厅中对称图案的大理石为背景,[],客厅中对称图案的大理石为背景，灰白配的纹理线条，布置端庄优雅的电视柜，与立体几何感的装饰画与摆饰品搭配出现代活泼的布置相呼应，带来的一种高级优雅的空间感。
550769,1,纹理,灰白配的纹理线条,[],客厅中对称图案的大理石为背景，灰白配的纹理线条，布置端庄优雅的电视柜，与立体几何感的装饰画与摆饰品搭配出现代活泼的布置相呼应，带来的一种高级优雅的空间感。
550769,2,电视柜,布置端庄优雅的电视柜,['优雅'],客厅中对称图案的大理石为背景，灰白配的纹理线条，布置端庄优雅的电视柜，与立体几何感的装饰画与摆饰品搭配出现代活泼的布置相呼应，带来的一种高级优雅的空间感。
550769,3,饰品,与立体几何感的装饰画与摆饰品搭配出现代活泼的布置相呼应,['活泼'],客厅中对称图案的大理石为背景，灰白配的纹理线条，布置端庄优雅的电视柜，与立体几何感的装饰画与摆饰品搭配出现代活泼的布置相呼应，带来的一种高级优雅的空间感。
550770,0,墙,沙发墙以硬包背景墙基础,['硬'],沙发墙以硬包背景墙基础，挂上一副方形的装饰画，画面内容是一个圆环+黄色的圈圈装饰出空间的几何美学；灰色沙发侧边的金属落地灯，呈现出一种华丽活泼的高级画面感，与空间内的摆饰形成现代雅致。
550770,0,背景墙,沙发墙以硬包背景墙基础,['硬'],沙发墙以硬包背景墙基础，挂上一副方形的装饰画，画面内容是一个圆环+黄色的圈圈装饰出空间的几何美学；灰色沙发侧边的金属落地灯，呈现出一种华丽活泼的高级画面感，与空间内的摆饰形成现代雅致。
550770,2,装饰,画面内容是一个圆环+黄色的圈圈装饰出空间的几何美学,['黄色'],沙发墙以硬包背景墙基础，挂上一副方形的装饰画，画面内容是一个圆环+黄色的圈圈装饰出空间的几何美学；灰色沙发侧边的金属落地灯，呈现出一种华丽活泼的高级画面感，与空间内的摆饰形成现代雅致。
550770,2,空间,画面内容是一个圆环+黄色的圈圈装饰出空间的几何美学,['黄色'],沙发墙以硬包背景墙基础，挂上一副方形的装饰画，画面内容是一个圆环+黄色的圈圈装饰出空间的几何美学；灰色沙发侧边的金属落地灯，呈现出一种华丽活泼的高级画面感，与空间内的摆饰形成现代雅致。
550770,3,金属,灰色沙发侧边的金属落地灯,['灰色'],沙发墙以硬包背景墙基础，挂上一副方形的装饰画，画面内容是一个圆环+黄色的圈圈装饰出空间的几何美学；灰色沙发侧边的金属落地灯，呈现出一种华丽活泼的高级画面感，与空间内的摆饰形成现代雅致。
550770,3,落地灯,灰色沙发侧边的金属落地灯,['灰色'],沙发墙以硬包背景墙基础，挂上一副方形的装饰画，画面内容是一个圆环+黄色的圈圈装饰出空间的几何美学；灰色沙发侧边的金属落地灯，呈现出一种华丽活泼的高级画面感，与空间内的摆饰形成现代雅致。
550770,5,空间,与空间内的摆饰形成现代雅致,['雅致'],沙发墙以硬包背景墙基础，挂上一副方形的装饰画，画面内容是一个圆环+黄色的圈圈装饰出空间的几何美学；灰色沙发侧边的金属落地灯，呈现出一种华丽活泼的高级画面感，与空间内的摆饰形成现代雅致。
550771,0,餐厅,餐厅侧边墙面装上硬包,[],餐厅侧边墙面装上硬包，挂上一幅色彩鲜明的装饰画，以冷色层次营造艺术气息；黑色石材台面的餐桌搭配深蓝色的餐椅现代摩登，三盏金属质感的球形吊灯，使得用餐氛围也端庄优雅而华丽大气。
550771,0,墙面,餐厅侧边墙面装上硬包,[],餐厅侧边墙面装上硬包，挂上一幅色彩鲜明的装饰画，以冷色层次营造艺术气息；黑色石材台面的餐桌搭配深蓝色的餐椅现代摩登，三盏金属质感的球形吊灯，使得用餐氛围也端庄优雅而华丽大气。
550771,3,石材,黑色石材台面的餐桌搭配深蓝色的餐椅现代摩登,"['黑色', '深蓝色']",餐厅侧边墙面装上硬包，挂上一幅色彩鲜明的装饰画，以冷色层次营造艺术气息；黑色石材台面的餐桌搭配深蓝色的餐椅现代摩登，三盏金属质感的球形吊灯，使得用餐氛围也端庄优雅而华丽大气。
550771,3,台面,黑色石材台面的餐桌搭配深蓝色的餐椅现代摩登,"['黑色', '深蓝色']",餐厅侧边墙面装上硬包，挂上一幅色彩鲜明的装饰画，以冷色层次营造艺术气息；黑色石材台面的餐桌搭配深蓝色的餐椅现代摩登，三盏金属质感的球形吊灯，使得用餐氛围也端庄优雅而华丽大气。
550771,3,餐桌,黑色石材台面的餐桌搭配深蓝色的餐椅现代摩登,"['黑色', '深蓝色']",餐厅侧边墙面装上硬包，挂上一幅色彩鲜明的装饰画，以冷色层次营造艺术气息；黑色石材台面的餐桌搭配深蓝色的餐椅现代摩登，三盏金属质感的球形吊灯，使得用餐氛围也端庄优雅而华丽大气。
550771,3,餐椅,黑色石材台面的餐桌搭配深蓝色的餐椅现代摩登,"['黑色', '深蓝色']",餐厅侧边墙面装上硬包，挂上一幅色彩鲜明的装饰画，以冷色层次营造艺术气息；黑色石材台面的餐桌搭配深蓝色的餐椅现代摩登，三盏金属质感的球形吊灯，使得用餐氛围也端庄优雅而华丽大气。
550771,4,金属,三盏金属质感的球形吊灯,[],餐厅侧边墙面装上硬包，挂上一幅色彩鲜明的装饰画，以冷色层次营造艺术气息；黑色石材台面的餐桌搭配深蓝色的餐椅现代摩登，三盏金属质感的球形吊灯，使得用餐氛围也端庄优雅而华丽大气。
550771,4,吊灯,三盏金属质感的球形吊灯,[],餐厅侧边墙面装上硬包，挂上一幅色彩鲜明的装饰画，以冷色层次营造艺术气息；黑色石材台面的餐桌搭配深蓝色的餐椅现代摩登，三盏金属质感的球形吊灯，使得用餐氛围也端庄优雅而华丽大气。
550772,0,餐具,餐桌上精致的餐具、酒杯与花瓶,['精致'],餐桌上精致的餐具、酒杯与花瓶，布置出一种雅致温情的用餐氛围感；原本灰色的空间，因为蓝色法兰绒的搭配，柔和之中，多了现代贵气。
550772,0,花瓶,餐桌上精致的餐具、酒杯与花瓶,['精致'],餐桌上精致的餐具、酒杯与花瓶，布置出一种雅致温情的用餐氛围感；原本灰色的空间，因为蓝色法兰绒的搭配，柔和之中，多了现代贵气。
550772,2,空间,原本灰色的空间,['灰色'],餐桌上精致的餐具、酒杯与花瓶，布置出一种雅致温情的用餐氛围感；原本灰色的空间，因为蓝色法兰绒的搭配，柔和之中，多了现代贵气。
550772,5,贵气,多了现代贵气,[],餐桌上精致的餐具、酒杯与花瓶，布置出一种雅致温情的用餐氛围感；原本灰色的空间，因为蓝色法兰绒的搭配，柔和之中，多了现代贵气。
550773,0,卧室,卧室具有现代风,[],卧室具有现代风，整体空间的色彩也比较丰富，床头墙在深浅绿色的搭配下，呈现出色彩的变化；色彩明艳的抱枕点缀原本的软装配色，更为活泼；深蓝色+粉色挂画悬挂在玻璃衣帽间外立面，装饰出整个空间得成熟、端庄。
550773,1,空间,整体空间的色彩也比较丰富,['丰富'],卧室具有现代风，整体空间的色彩也比较丰富，床头墙在深浅绿色的搭配下，呈现出色彩的变化；色彩明艳的抱枕点缀原本的软装配色，更为活泼；深蓝色+粉色挂画悬挂在玻璃衣帽间外立面，装饰出整个空间得成熟、端庄。
550773,2,床头,床头墙在深浅绿色的搭配下,['绿色'],卧室具有现代风，整体空间的色彩也比较丰富，床头墙在深浅绿色的搭配下，呈现出色彩的变化；色彩明艳的抱枕点缀原本的软装配色，更为活泼；深蓝色+粉色挂画悬挂在玻璃衣帽间外立面，装饰出整个空间得成熟、端庄。
550773,2,墙,床头墙在深浅绿色的搭配下,['绿色'],卧室具有现代风，整体空间的色彩也比较丰富，床头墙在深浅绿色的搭配下，呈现出色彩的变化；色彩明艳的抱枕点缀原本的软装配色，更为活泼；深蓝色+粉色挂画悬挂在玻璃衣帽间外立面，装饰出整个空间得成熟、端庄。
550773,6,玻璃,深蓝色+粉色挂画悬挂在玻璃衣帽间外立面,"['深蓝色', '粉色']",卧室具有现代风，整体空间的色彩也比较丰富，床头墙在深浅绿色的搭配下，呈现出色彩的变化；色彩明艳的抱枕点缀原本的软装配色，更为活泼；深蓝色+粉色挂画悬挂在玻璃衣帽间外立面，装饰出整个空间得成熟、端庄。
550773,6,衣帽间,深蓝色+粉色挂画悬挂在玻璃衣帽间外立面,"['深蓝色', '粉色']",卧室具有现代风，整体空间的色彩也比较丰富，床头墙在深浅绿色的搭配下，呈现出色彩的变化；色彩明艳的抱枕点缀原本的软装配色，更为活泼；深蓝色+粉色挂画悬挂在玻璃衣帽间外立面，装饰出整个空间得成熟、端庄。
550773,7,装饰,装饰出整个空间得成熟、端庄,['成熟'],卧室具有现代风，整体空间的色彩也比较丰富，床头墙在深浅绿色的搭配下，呈现出色彩的变化；色彩明艳的抱枕点缀原本的软装配色，更为活泼；深蓝色+粉色挂画悬挂在玻璃衣帽间外立面，装饰出整个空间得成熟、端庄。
550773,7,空间,装饰出整个空间得成熟、端庄,['成熟'],卧室具有现代风，整体空间的色彩也比较丰富，床头墙在深浅绿色的搭配下，呈现出色彩的变化；色彩明艳的抱枕点缀原本的软装配色，更为活泼；深蓝色+粉色挂画悬挂在玻璃衣帽间外立面，装饰出整个空间得成熟、端庄。
550774,0,床头,床头墙的挂画,[],床头墙的挂画，一大一小，图案组成一体的画面，与原本背景墙的色彩，形成层次感；对称方式设计的空间多了和谐感，悬挂式圆形吊灯更是给予空间温情。
550774,0,墙,床头墙的挂画,[],床头墙的挂画，一大一小，图案组成一体的画面，与原本背景墙的色彩，形成层次感；对称方式设计的空间多了和谐感，悬挂式圆形吊灯更是给予空间温情。
550774,2,图案,图案组成一体的画面,[],床头墙的挂画，一大一小，图案组成一体的画面，与原本背景墙的色彩，形成层次感；对称方式设计的空间多了和谐感，悬挂式圆形吊灯更是给予空间温情。
550774,3,背景墙,与原本背景墙的色彩,[],床头墙的挂画，一大一小，图案组成一体的画面，与原本背景墙的色彩，形成层次感；对称方式设计的空间多了和谐感，悬挂式圆形吊灯更是给予空间温情。
550774,5,空间,对称方式设计的空间多了和谐感,['和谐'],床头墙的挂画，一大一小，图案组成一体的画面，与原本背景墙的色彩，形成层次感；对称方式设计的空间多了和谐感，悬挂式圆形吊灯更是给予空间温情。
550774,6,吊灯,悬挂式圆形吊灯更是给予空间温情,[],床头墙的挂画，一大一小，图案组成一体的画面，与原本背景墙的色彩，形成层次感；对称方式设计的空间多了和谐感，悬挂式圆形吊灯更是给予空间温情。
550774,6,空间,悬挂式圆形吊灯更是给予空间温情,[],床头墙的挂画，一大一小，图案组成一体的画面，与原本背景墙的色彩，形成层次感；对称方式设计的空间多了和谐感，悬挂式圆形吊灯更是给予空间温情。
550874,0,凳,玄关处购置了换鞋凳,[],玄关处购置了换鞋凳，加上顶式柜子增加了日常生活收纳；阳台与玄关处隔断墙设置了一个洗衣区，铺贴文艺的六边砖，调色的设计更有动律。
550874,1,柜子,加上顶式柜子增加了日常生活收纳,[],玄关处购置了换鞋凳，加上顶式柜子增加了日常生活收纳；阳台与玄关处隔断墙设置了一个洗衣区，铺贴文艺的六边砖，调色的设计更有动律。
550874,2,阳台,阳台与玄关处隔断墙设置了一个洗衣区,[],玄关处购置了换鞋凳，加上顶式柜子增加了日常生活收纳；阳台与玄关处隔断墙设置了一个洗衣区，铺贴文艺的六边砖，调色的设计更有动律。
550874,2,墙,阳台与玄关处隔断墙设置了一个洗衣区,[],玄关处购置了换鞋凳，加上顶式柜子增加了日常生活收纳；阳台与玄关处隔断墙设置了一个洗衣区，铺贴文艺的六边砖，调色的设计更有动律。
550874,3,砖,铺贴文艺的六边砖,[],玄关处购置了换鞋凳，加上顶式柜子增加了日常生活收纳；阳台与玄关处隔断墙设置了一个洗衣区，铺贴文艺的六边砖，调色的设计更有动律。
