551107,1,空间,营造空间的素静,['素静'],次卧的立面延续了白色和浅灰色的设计，营造空间的素静；落地玻璃带来充足的采光，因为生活需求用百叶窗做了遮光效果，也是利落有致；实木书桌和玩具收纳柜满足孩子的各种兴趣爱好，一把办公椅更是提高了生活的舒适度。
551107,2,玻璃,落地玻璃带来充足的采光,['充足'],次卧的立面延续了白色和浅灰色的设计，营造空间的素静；落地玻璃带来充足的采光，因为生活需求用百叶窗做了遮光效果，也是利落有致；实木书桌和玩具收纳柜满足孩子的各种兴趣爱好，一把办公椅更是提高了生活的舒适度。
551107,3,百叶窗,因为生活需求用百叶窗做了遮光效果,[],次卧的立面延续了白色和浅灰色的设计，营造空间的素静；落地玻璃带来充足的采光，因为生活需求用百叶窗做了遮光效果，也是利落有致；实木书桌和玩具收纳柜满足孩子的各种兴趣爱好，一把办公椅更是提高了生活的舒适度。
551107,5,书桌,实木书桌和玩具收纳柜满足孩子的各种兴趣爱好,[],次卧的立面延续了白色和浅灰色的设计，营造空间的素静；落地玻璃带来充足的采光，因为生活需求用百叶窗做了遮光效果，也是利落有致；实木书桌和玩具收纳柜满足孩子的各种兴趣爱好，一把办公椅更是提高了生活的舒适度。
551107,5,玩具,实木书桌和玩具收纳柜满足孩子的各种兴趣爱好,[],次卧的立面延续了白色和浅灰色的设计，营造空间的素静；落地玻璃带来充足的采光，因为生活需求用百叶窗做了遮光效果，也是利落有致；实木书桌和玩具收纳柜满足孩子的各种兴趣爱好，一把办公椅更是提高了生活的舒适度。
551107,5,孩子,实木书桌和玩具收纳柜满足孩子的各种兴趣爱好,[],次卧的立面延续了白色和浅灰色的设计，营造空间的素静；落地玻璃带来充足的采光，因为生活需求用百叶窗做了遮光效果，也是利落有致；实木书桌和玩具收纳柜满足孩子的各种兴趣爱好，一把办公椅更是提高了生活的舒适度。
551096,0,客厅,客厅以白色和浅灰色为基调,"['白色', '浅', '灰色']",客厅以白色和浅灰色为基调，新古典的石膏造型搭配背景墙的石雕设计，极具工艺之美；胡桃木色鱼骨纹路地板与中性色的窗帘组合，形成空间的沉静，而经典祖母绿丝绒沙发，搭配现代经典造型的千鸟格单人沙发和灰色绒面弧形榻凳，营造大气雅致韵味，古典之中，不乏现代时尚气息。
551096,0,基调,客厅以白色和浅灰色为基调,"['白色', '浅', '灰色']",客厅以白色和浅灰色为基调，新古典的石膏造型搭配背景墙的石雕设计，极具工艺之美；胡桃木色鱼骨纹路地板与中性色的窗帘组合，形成空间的沉静，而经典祖母绿丝绒沙发，搭配现代经典造型的千鸟格单人沙发和灰色绒面弧形榻凳，营造大气雅致韵味，古典之中，不乏现代时尚气息。
551096,1,石膏,新古典的石膏造型搭配背景墙的石雕设计,['新'],客厅以白色和浅灰色为基调，新古典的石膏造型搭配背景墙的石雕设计，极具工艺之美；胡桃木色鱼骨纹路地板与中性色的窗帘组合，形成空间的沉静，而经典祖母绿丝绒沙发，搭配现代经典造型的千鸟格单人沙发和灰色绒面弧形榻凳，营造大气雅致韵味，古典之中，不乏现代时尚气息。
551096,1,背景墙,新古典的石膏造型搭配背景墙的石雕设计,['新'],客厅以白色和浅灰色为基调，新古典的石膏造型搭配背景墙的石雕设计，极具工艺之美；胡桃木色鱼骨纹路地板与中性色的窗帘组合，形成空间的沉静，而经典祖母绿丝绒沙发，搭配现代经典造型的千鸟格单人沙发和灰色绒面弧形榻凳，营造大气雅致韵味，古典之中，不乏现代时尚气息。
551096,2,工艺,极具工艺之美,[],客厅以白色和浅灰色为基调，新古典的石膏造型搭配背景墙的石雕设计，极具工艺之美；胡桃木色鱼骨纹路地板与中性色的窗帘组合，形成空间的沉静，而经典祖母绿丝绒沙发，搭配现代经典造型的千鸟格单人沙发和灰色绒面弧形榻凳，营造大气雅致韵味，古典之中，不乏现代时尚气息。
551096,3,地板,胡桃木色鱼骨纹路地板与中性色的窗帘组合,[],客厅以白色和浅灰色为基调，新古典的石膏造型搭配背景墙的石雕设计，极具工艺之美；胡桃木色鱼骨纹路地板与中性色的窗帘组合，形成空间的沉静，而经典祖母绿丝绒沙发，搭配现代经典造型的千鸟格单人沙发和灰色绒面弧形榻凳，营造大气雅致韵味，古典之中，不乏现代时尚气息。
551096,3,窗帘,胡桃木色鱼骨纹路地板与中性色的窗帘组合,[],客厅以白色和浅灰色为基调，新古典的石膏造型搭配背景墙的石雕设计，极具工艺之美；胡桃木色鱼骨纹路地板与中性色的窗帘组合，形成空间的沉静，而经典祖母绿丝绒沙发，搭配现代经典造型的千鸟格单人沙发和灰色绒面弧形榻凳，营造大气雅致韵味，古典之中，不乏现代时尚气息。
551096,4,空间,形成空间的沉静,['沉静'],客厅以白色和浅灰色为基调，新古典的石膏造型搭配背景墙的石雕设计，极具工艺之美；胡桃木色鱼骨纹路地板与中性色的窗帘组合，形成空间的沉静，而经典祖母绿丝绒沙发，搭配现代经典造型的千鸟格单人沙发和灰色绒面弧形榻凳，营造大气雅致韵味，古典之中，不乏现代时尚气息。
551096,6,单人,搭配现代经典造型的千鸟格单人沙发和灰色绒面弧形榻凳,['灰色'],客厅以白色和浅灰色为基调，新古典的石膏造型搭配背景墙的石雕设计，极具工艺之美；胡桃木色鱼骨纹路地板与中性色的窗帘组合，形成空间的沉静，而经典祖母绿丝绒沙发，搭配现代经典造型的千鸟格单人沙发和灰色绒面弧形榻凳，营造大气雅致韵味，古典之中，不乏现代时尚气息。
551097,1,厨房,小鹿头天然贝壳石英挂钟壁在次卧与厨房的墙体中间,[],"客餐过道，小鹿头天然贝壳石英挂钟壁在次卧与厨房的墙体中间，填补了空白；客餐厅的门都采用通高的形式，上门头板抽缝饰面，拉伸了整体层高， 与白色和豆绿色的拼接墙面形成独有的结构，散发着结构美学。
"
551097,1,墙体,小鹿头天然贝壳石英挂钟壁在次卧与厨房的墙体中间,[],"客餐过道，小鹿头天然贝壳石英挂钟壁在次卧与厨房的墙体中间，填补了空白；客餐厅的门都采用通高的形式，上门头板抽缝饰面，拉伸了整体层高， 与白色和豆绿色的拼接墙面形成独有的结构，散发着结构美学。
"
551097,3,餐厅,客餐厅的门都采用通高的形式,[],"客餐过道，小鹿头天然贝壳石英挂钟壁在次卧与厨房的墙体中间，填补了空白；客餐厅的门都采用通高的形式，上门头板抽缝饰面，拉伸了整体层高， 与白色和豆绿色的拼接墙面形成独有的结构，散发着结构美学。
"
551097,3,门,客餐厅的门都采用通高的形式,[],"客餐过道，小鹿头天然贝壳石英挂钟壁在次卧与厨房的墙体中间，填补了空白；客餐厅的门都采用通高的形式，上门头板抽缝饰面，拉伸了整体层高， 与白色和豆绿色的拼接墙面形成独有的结构，散发着结构美学。
"
551097,6,墙面, 与白色和豆绿色的拼接墙面形成独有的结构,"['白色', '绿色']","客餐过道，小鹿头天然贝壳石英挂钟壁在次卧与厨房的墙体中间，填补了空白；客餐厅的门都采用通高的形式，上门头板抽缝饰面，拉伸了整体层高， 与白色和豆绿色的拼接墙面形成独有的结构，散发着结构美学。
"
551097,6,结构, 与白色和豆绿色的拼接墙面形成独有的结构,"['白色', '绿色']","客餐过道，小鹿头天然贝壳石英挂钟壁在次卧与厨房的墙体中间，填补了空白；客餐厅的门都采用通高的形式，上门头板抽缝饰面，拉伸了整体层高， 与白色和豆绿色的拼接墙面形成独有的结构，散发着结构美学。
"
551097,7,结构,散发着结构美学,[],"客餐过道，小鹿头天然贝壳石英挂钟壁在次卧与厨房的墙体中间，填补了空白；客餐厅的门都采用通高的形式，上门头板抽缝饰面，拉伸了整体层高， 与白色和豆绿色的拼接墙面形成独有的结构，散发着结构美学。
"
551098,1,餐厅,便是餐厅,[],打开入户门，便是餐厅，与客厅贯通，保留原有的层高，金属拉丝灯具均中和了空间挑高，并点缀出工业感；复古石膏造型叠级与客厅形成一体，令空间散发着古典气息。
551098,2,客厅,与客厅贯通,[],打开入户门，便是餐厅，与客厅贯通，保留原有的层高，金属拉丝灯具均中和了空间挑高，并点缀出工业感；复古石膏造型叠级与客厅形成一体，令空间散发着古典气息。
551098,4,金属,金属拉丝灯具均中和了空间挑高,[],打开入户门，便是餐厅，与客厅贯通，保留原有的层高，金属拉丝灯具均中和了空间挑高，并点缀出工业感；复古石膏造型叠级与客厅形成一体，令空间散发着古典气息。
551098,4,灯具,金属拉丝灯具均中和了空间挑高,[],打开入户门，便是餐厅，与客厅贯通，保留原有的层高，金属拉丝灯具均中和了空间挑高，并点缀出工业感；复古石膏造型叠级与客厅形成一体，令空间散发着古典气息。
551098,4,空间,金属拉丝灯具均中和了空间挑高,[],打开入户门，便是餐厅，与客厅贯通，保留原有的层高，金属拉丝灯具均中和了空间挑高，并点缀出工业感；复古石膏造型叠级与客厅形成一体，令空间散发着古典气息。
551098,6,石膏,复古石膏造型叠级与客厅形成一体,[],打开入户门，便是餐厅，与客厅贯通，保留原有的层高，金属拉丝灯具均中和了空间挑高，并点缀出工业感；复古石膏造型叠级与客厅形成一体，令空间散发着古典气息。
551098,6,客厅,复古石膏造型叠级与客厅形成一体,[],打开入户门，便是餐厅，与客厅贯通，保留原有的层高，金属拉丝灯具均中和了空间挑高，并点缀出工业感；复古石膏造型叠级与客厅形成一体，令空间散发着古典气息。
551098,7,空间,令空间散发着古典气息,[],打开入户门，便是餐厅，与客厅贯通，保留原有的层高，金属拉丝灯具均中和了空间挑高，并点缀出工业感；复古石膏造型叠级与客厅形成一体，令空间散发着古典气息。
551099,0,餐厅,餐厅取消靠南侧的一面墙,[],餐厅取消靠南侧的一面墙，设置餐边柜，柜体分色处理，吊柜下口内置灯带，更具层次感，墙面灰色凹凸釉面的长条面包砖，以人字形铺贴，为空间增加造型美学；现代餐桌椅组合大气时尚，搭配桌上的烛台、玻璃花瓶等让就餐时光更特别。
551099,0,墙,餐厅取消靠南侧的一面墙,[],餐厅取消靠南侧的一面墙，设置餐边柜，柜体分色处理，吊柜下口内置灯带，更具层次感，墙面灰色凹凸釉面的长条面包砖，以人字形铺贴，为空间增加造型美学；现代餐桌椅组合大气时尚，搭配桌上的烛台、玻璃花瓶等让就餐时光更特别。
551099,2,柜体,柜体分色处理,[],餐厅取消靠南侧的一面墙，设置餐边柜，柜体分色处理，吊柜下口内置灯带，更具层次感，墙面灰色凹凸釉面的长条面包砖，以人字形铺贴，为空间增加造型美学；现代餐桌椅组合大气时尚，搭配桌上的烛台、玻璃花瓶等让就餐时光更特别。
551099,3,吊柜,吊柜下口内置灯带,[],餐厅取消靠南侧的一面墙，设置餐边柜，柜体分色处理，吊柜下口内置灯带，更具层次感，墙面灰色凹凸釉面的长条面包砖，以人字形铺贴，为空间增加造型美学；现代餐桌椅组合大气时尚，搭配桌上的烛台、玻璃花瓶等让就餐时光更特别。
551099,3,灯带,吊柜下口内置灯带,[],餐厅取消靠南侧的一面墙，设置餐边柜，柜体分色处理，吊柜下口内置灯带，更具层次感，墙面灰色凹凸釉面的长条面包砖，以人字形铺贴，为空间增加造型美学；现代餐桌椅组合大气时尚，搭配桌上的烛台、玻璃花瓶等让就餐时光更特别。
551099,5,墙面,墙面灰色凹凸釉面的长条面包砖,['灰色'],餐厅取消靠南侧的一面墙，设置餐边柜，柜体分色处理，吊柜下口内置灯带，更具层次感，墙面灰色凹凸釉面的长条面包砖，以人字形铺贴，为空间增加造型美学；现代餐桌椅组合大气时尚，搭配桌上的烛台、玻璃花瓶等让就餐时光更特别。
551099,5,砖,墙面灰色凹凸釉面的长条面包砖,['灰色'],餐厅取消靠南侧的一面墙，设置餐边柜，柜体分色处理，吊柜下口内置灯带，更具层次感，墙面灰色凹凸釉面的长条面包砖，以人字形铺贴，为空间增加造型美学；现代餐桌椅组合大气时尚，搭配桌上的烛台、玻璃花瓶等让就餐时光更特别。
551099,7,空间,为空间增加造型美学,[],餐厅取消靠南侧的一面墙，设置餐边柜，柜体分色处理，吊柜下口内置灯带，更具层次感，墙面灰色凹凸釉面的长条面包砖，以人字形铺贴，为空间增加造型美学；现代餐桌椅组合大气时尚，搭配桌上的烛台、玻璃花瓶等让就餐时光更特别。
551099,8,餐桌椅,现代餐桌椅组合大气时尚,[],餐厅取消靠南侧的一面墙，设置餐边柜，柜体分色处理，吊柜下口内置灯带，更具层次感，墙面灰色凹凸釉面的长条面包砖，以人字形铺贴，为空间增加造型美学；现代餐桌椅组合大气时尚，搭配桌上的烛台、玻璃花瓶等让就餐时光更特别。
551099,9,烛台,搭配桌上的烛台、玻璃花瓶等让就餐时光更特别,[],餐厅取消靠南侧的一面墙，设置餐边柜，柜体分色处理，吊柜下口内置灯带，更具层次感，墙面灰色凹凸釉面的长条面包砖，以人字形铺贴，为空间增加造型美学；现代餐桌椅组合大气时尚，搭配桌上的烛台、玻璃花瓶等让就餐时光更特别。
551099,9,玻璃,搭配桌上的烛台、玻璃花瓶等让就餐时光更特别,[],餐厅取消靠南侧的一面墙，设置餐边柜，柜体分色处理，吊柜下口内置灯带，更具层次感，墙面灰色凹凸釉面的长条面包砖，以人字形铺贴，为空间增加造型美学；现代餐桌椅组合大气时尚，搭配桌上的烛台、玻璃花瓶等让就餐时光更特别。
551099,9,花瓶,搭配桌上的烛台、玻璃花瓶等让就餐时光更特别,[],餐厅取消靠南侧的一面墙，设置餐边柜，柜体分色处理，吊柜下口内置灯带，更具层次感，墙面灰色凹凸釉面的长条面包砖，以人字形铺贴，为空间增加造型美学；现代餐桌椅组合大气时尚，搭配桌上的烛台、玻璃花瓶等让就餐时光更特别。
551100,0,书房,书房铺贴的木地板,[],书房铺贴的木地板，结合老房子里的书柜和新购的胡桃木书桌，搭配出复古的味道，更为沉稳；吊顶涂灰，墙面留白，香槟金窗帘搭配白色纱幔，添置了一份中性的温和，每一处摆设都具有怀旧的味道，不失温情。
551100,0,木地板,书房铺贴的木地板,[],书房铺贴的木地板，结合老房子里的书柜和新购的胡桃木书桌，搭配出复古的味道，更为沉稳；吊顶涂灰，墙面留白，香槟金窗帘搭配白色纱幔，添置了一份中性的温和，每一处摆设都具有怀旧的味道，不失温情。
551100,1,老房子,结合老房子里的书柜和新购的胡桃木书桌,[],书房铺贴的木地板，结合老房子里的书柜和新购的胡桃木书桌，搭配出复古的味道，更为沉稳；吊顶涂灰，墙面留白，香槟金窗帘搭配白色纱幔，添置了一份中性的温和，每一处摆设都具有怀旧的味道，不失温情。
551100,1,书柜,结合老房子里的书柜和新购的胡桃木书桌,[],书房铺贴的木地板，结合老房子里的书柜和新购的胡桃木书桌，搭配出复古的味道，更为沉稳；吊顶涂灰，墙面留白，香槟金窗帘搭配白色纱幔，添置了一份中性的温和，每一处摆设都具有怀旧的味道，不失温情。
551100,1,书桌,结合老房子里的书柜和新购的胡桃木书桌,[],书房铺贴的木地板，结合老房子里的书柜和新购的胡桃木书桌，搭配出复古的味道，更为沉稳；吊顶涂灰，墙面留白，香槟金窗帘搭配白色纱幔，添置了一份中性的温和，每一处摆设都具有怀旧的味道，不失温情。
551100,4,吊顶,吊顶涂灰,[],书房铺贴的木地板，结合老房子里的书柜和新购的胡桃木书桌，搭配出复古的味道，更为沉稳；吊顶涂灰，墙面留白，香槟金窗帘搭配白色纱幔，添置了一份中性的温和，每一处摆设都具有怀旧的味道，不失温情。
551100,5,墙面,墙面留白,[],书房铺贴的木地板，结合老房子里的书柜和新购的胡桃木书桌，搭配出复古的味道，更为沉稳；吊顶涂灰，墙面留白，香槟金窗帘搭配白色纱幔，添置了一份中性的温和，每一处摆设都具有怀旧的味道，不失温情。
551100,6,窗帘,香槟金窗帘搭配白色纱幔,['白色'],书房铺贴的木地板，结合老房子里的书柜和新购的胡桃木书桌，搭配出复古的味道，更为沉稳；吊顶涂灰，墙面留白，香槟金窗帘搭配白色纱幔，添置了一份中性的温和，每一处摆设都具有怀旧的味道，不失温情。
551100,6,纱幔,香槟金窗帘搭配白色纱幔,['白色'],书房铺贴的木地板，结合老房子里的书柜和新购的胡桃木书桌，搭配出复古的味道，更为沉稳；吊顶涂灰，墙面留白，香槟金窗帘搭配白色纱幔，添置了一份中性的温和，每一处摆设都具有怀旧的味道，不失温情。
551101,0,空间,虽然空间有限,['有限'],虽然空间有限，却十分温馨有韵味，床背与窗帘选用橙色与鹅黄搭配，色彩层次之间，造就复古时尚；床头柜上的石雕艺术品和玻璃台灯、精致小巧的软装摆件赋予生活更多风趣。
551101,2,床,床背与窗帘选用橙色与鹅黄搭配,['橙色'],虽然空间有限，却十分温馨有韵味，床背与窗帘选用橙色与鹅黄搭配，色彩层次之间，造就复古时尚；床头柜上的石雕艺术品和玻璃台灯、精致小巧的软装摆件赋予生活更多风趣。
551101,2,窗帘,床背与窗帘选用橙色与鹅黄搭配,['橙色'],虽然空间有限，却十分温馨有韵味，床背与窗帘选用橙色与鹅黄搭配，色彩层次之间，造就复古时尚；床头柜上的石雕艺术品和玻璃台灯、精致小巧的软装摆件赋予生活更多风趣。
551102,1,花鸟,花鸟壁纸点缀非对称的复古装饰画,[],主卧是父母房，花鸟壁纸点缀非对称的复古装饰画，自然而然营造出一股文艺的气息；L形大飘窗让阳光透过唯美“珍珠蕾丝提花纱帘”，重塑内心和灵魂的美好，黄色的窗帘成为空间的点睛之色，缓解了灰色调的乏味，与一器一物，塑造空间的现代古典之美。
551102,1,壁纸,花鸟壁纸点缀非对称的复古装饰画,[],主卧是父母房，花鸟壁纸点缀非对称的复古装饰画，自然而然营造出一股文艺的气息；L形大飘窗让阳光透过唯美“珍珠蕾丝提花纱帘”，重塑内心和灵魂的美好，黄色的窗帘成为空间的点睛之色，缓解了灰色调的乏味，与一器一物，塑造空间的现代古典之美。
551102,5,窗帘,黄色的窗帘成为空间的点睛之色,['黄色'],主卧是父母房，花鸟壁纸点缀非对称的复古装饰画，自然而然营造出一股文艺的气息；L形大飘窗让阳光透过唯美“珍珠蕾丝提花纱帘”，重塑内心和灵魂的美好，黄色的窗帘成为空间的点睛之色，缓解了灰色调的乏味，与一器一物，塑造空间的现代古典之美。
551102,5,空间,黄色的窗帘成为空间的点睛之色,['黄色'],主卧是父母房，花鸟壁纸点缀非对称的复古装饰画，自然而然营造出一股文艺的气息；L形大飘窗让阳光透过唯美“珍珠蕾丝提花纱帘”，重塑内心和灵魂的美好，黄色的窗帘成为空间的点睛之色，缓解了灰色调的乏味，与一器一物，塑造空间的现代古典之美。
551102,8,空间,塑造空间的现代古典之美,[],主卧是父母房，花鸟壁纸点缀非对称的复古装饰画，自然而然营造出一股文艺的气息；L形大飘窗让阳光透过唯美“珍珠蕾丝提花纱帘”，重塑内心和灵魂的美好，黄色的窗帘成为空间的点睛之色，缓解了灰色调的乏味，与一器一物，塑造空间的现代古典之美。
551103,5,窗帘,白色皮革与原木色结合的床架、简约素雅的床饰、藏蓝色花纹窗帘,"['白色', '原木色', '素雅', '藏蓝色']",爷爷奶奶的房间，用色则偏向宁静素雅，以白为主，以净为辅，力求做到简静；白色皮革与原木色结合的床架、简约素雅的床饰、藏蓝色花纹窗帘，沉稳而端庄，很是沉静安谧。
551104,0,厨房,厨房的墙面用白砖和白色灰纹砖石来铺贴出简单的天然质感,"['白色', '简单']",厨房的墙面用白砖和白色灰纹砖石来铺贴出简单的天然质感，而深灰色地砖奠定了空间的沉静；橱柜同样做分色处理，下柜选用深色木纹饰面板点缀金色把手，吊柜选用白色亮面亚克力材质柜门，黑色把手与门框镶嵌一体，更加便于平日的清洁打理，打造出简洁和利落的厨房。
551104,0,墙面,厨房的墙面用白砖和白色灰纹砖石来铺贴出简单的天然质感,"['白色', '简单']",厨房的墙面用白砖和白色灰纹砖石来铺贴出简单的天然质感，而深灰色地砖奠定了空间的沉静；橱柜同样做分色处理，下柜选用深色木纹饰面板点缀金色把手，吊柜选用白色亮面亚克力材质柜门，黑色把手与门框镶嵌一体，更加便于平日的清洁打理，打造出简洁和利落的厨房。
551104,0,砖石,厨房的墙面用白砖和白色灰纹砖石来铺贴出简单的天然质感,"['白色', '简单']",厨房的墙面用白砖和白色灰纹砖石来铺贴出简单的天然质感，而深灰色地砖奠定了空间的沉静；橱柜同样做分色处理，下柜选用深色木纹饰面板点缀金色把手，吊柜选用白色亮面亚克力材质柜门，黑色把手与门框镶嵌一体，更加便于平日的清洁打理，打造出简洁和利落的厨房。
551104,1,地砖,而深灰色地砖奠定了空间的沉静,"['深灰色', '沉静']",厨房的墙面用白砖和白色灰纹砖石来铺贴出简单的天然质感，而深灰色地砖奠定了空间的沉静；橱柜同样做分色处理，下柜选用深色木纹饰面板点缀金色把手，吊柜选用白色亮面亚克力材质柜门，黑色把手与门框镶嵌一体，更加便于平日的清洁打理，打造出简洁和利落的厨房。
551104,1,空间,而深灰色地砖奠定了空间的沉静,"['深灰色', '沉静']",厨房的墙面用白砖和白色灰纹砖石来铺贴出简单的天然质感，而深灰色地砖奠定了空间的沉静；橱柜同样做分色处理，下柜选用深色木纹饰面板点缀金色把手，吊柜选用白色亮面亚克力材质柜门，黑色把手与门框镶嵌一体，更加便于平日的清洁打理，打造出简洁和利落的厨房。
551104,2,橱柜,橱柜同样做分色处理,[],厨房的墙面用白砖和白色灰纹砖石来铺贴出简单的天然质感，而深灰色地砖奠定了空间的沉静；橱柜同样做分色处理，下柜选用深色木纹饰面板点缀金色把手，吊柜选用白色亮面亚克力材质柜门，黑色把手与门框镶嵌一体，更加便于平日的清洁打理，打造出简洁和利落的厨房。
551104,4,吊柜,吊柜选用白色亮面亚克力材质柜门,['白色'],厨房的墙面用白砖和白色灰纹砖石来铺贴出简单的天然质感，而深灰色地砖奠定了空间的沉静；橱柜同样做分色处理，下柜选用深色木纹饰面板点缀金色把手，吊柜选用白色亮面亚克力材质柜门，黑色把手与门框镶嵌一体，更加便于平日的清洁打理，打造出简洁和利落的厨房。
551104,4,材质,吊柜选用白色亮面亚克力材质柜门,['白色'],厨房的墙面用白砖和白色灰纹砖石来铺贴出简单的天然质感，而深灰色地砖奠定了空间的沉静；橱柜同样做分色处理，下柜选用深色木纹饰面板点缀金色把手，吊柜选用白色亮面亚克力材质柜门，黑色把手与门框镶嵌一体，更加便于平日的清洁打理，打造出简洁和利落的厨房。
551104,5,门框,黑色把手与门框镶嵌一体,['黑色'],厨房的墙面用白砖和白色灰纹砖石来铺贴出简单的天然质感，而深灰色地砖奠定了空间的沉静；橱柜同样做分色处理，下柜选用深色木纹饰面板点缀金色把手，吊柜选用白色亮面亚克力材质柜门，黑色把手与门框镶嵌一体，更加便于平日的清洁打理，打造出简洁和利落的厨房。
551104,7,厨房,打造出简洁和利落的厨房,['简洁'],厨房的墙面用白砖和白色灰纹砖石来铺贴出简单的天然质感，而深灰色地砖奠定了空间的沉静；橱柜同样做分色处理，下柜选用深色木纹饰面板点缀金色把手，吊柜选用白色亮面亚克力材质柜门，黑色把手与门框镶嵌一体，更加便于平日的清洁打理，打造出简洁和利落的厨房。
551105,0,卫生间,卫生间干湿分离,[],卫生间干湿分离，洗漱柜材质跟餐边吊柜统一，墙砖选用六边形小长砖，贴到1250mm高度，砖石的绿色光泽令整个盥洗区干净清新，上方墙纸装饰，层次感更加强烈，搭配现代感十足的盥洗柜，成就了空间的现代古典艺术。
551105,1,材质,洗漱柜材质跟餐边吊柜统一,[],卫生间干湿分离，洗漱柜材质跟餐边吊柜统一，墙砖选用六边形小长砖，贴到1250mm高度，砖石的绿色光泽令整个盥洗区干净清新，上方墙纸装饰，层次感更加强烈，搭配现代感十足的盥洗柜，成就了空间的现代古典艺术。
551105,1,吊柜,洗漱柜材质跟餐边吊柜统一,[],卫生间干湿分离，洗漱柜材质跟餐边吊柜统一，墙砖选用六边形小长砖，贴到1250mm高度，砖石的绿色光泽令整个盥洗区干净清新，上方墙纸装饰，层次感更加强烈，搭配现代感十足的盥洗柜，成就了空间的现代古典艺术。
551105,2,墙砖,墙砖选用六边形小长砖,[],卫生间干湿分离，洗漱柜材质跟餐边吊柜统一，墙砖选用六边形小长砖，贴到1250mm高度，砖石的绿色光泽令整个盥洗区干净清新，上方墙纸装饰，层次感更加强烈，搭配现代感十足的盥洗柜，成就了空间的现代古典艺术。
551105,2,砖,墙砖选用六边形小长砖,[],卫生间干湿分离，洗漱柜材质跟餐边吊柜统一，墙砖选用六边形小长砖，贴到1250mm高度，砖石的绿色光泽令整个盥洗区干净清新，上方墙纸装饰，层次感更加强烈，搭配现代感十足的盥洗柜，成就了空间的现代古典艺术。
551105,4,砖石,砖石的绿色光泽令整个盥洗区干净清新,"['绿色', '干净', '清新']",卫生间干湿分离，洗漱柜材质跟餐边吊柜统一，墙砖选用六边形小长砖，贴到1250mm高度，砖石的绿色光泽令整个盥洗区干净清新，上方墙纸装饰，层次感更加强烈，搭配现代感十足的盥洗柜，成就了空间的现代古典艺术。
551105,5,墙纸,上方墙纸装饰,[],卫生间干湿分离，洗漱柜材质跟餐边吊柜统一，墙砖选用六边形小长砖，贴到1250mm高度，砖石的绿色光泽令整个盥洗区干净清新，上方墙纸装饰，层次感更加强烈，搭配现代感十足的盥洗柜，成就了空间的现代古典艺术。
551105,5,装饰,上方墙纸装饰,[],卫生间干湿分离，洗漱柜材质跟餐边吊柜统一，墙砖选用六边形小长砖，贴到1250mm高度，砖石的绿色光泽令整个盥洗区干净清新，上方墙纸装饰，层次感更加强烈，搭配现代感十足的盥洗柜，成就了空间的现代古典艺术。
551105,8,空间,成就了空间的现代古典艺术,[],卫生间干湿分离，洗漱柜材质跟餐边吊柜统一，墙砖选用六边形小长砖，贴到1250mm高度，砖石的绿色光泽令整个盥洗区干净清新，上方墙纸装饰，层次感更加强烈，搭配现代感十足的盥洗柜，成就了空间的现代古典艺术。
551106,0,卫生间,卫生间因玻璃淋浴房解决了干湿问题,[],"卫生间因玻璃淋浴房解决了干湿问题，白色墙砖选用大理石，其自然纹理干净纯粹，加装百叶窗帘确保隐私，给主人一个惬意而原始感十足的沐浴时光。
"
551106,0,玻璃,卫生间因玻璃淋浴房解决了干湿问题,[],"卫生间因玻璃淋浴房解决了干湿问题，白色墙砖选用大理石，其自然纹理干净纯粹，加装百叶窗帘确保隐私，给主人一个惬意而原始感十足的沐浴时光。
"
551106,0,淋浴房,卫生间因玻璃淋浴房解决了干湿问题,[],"卫生间因玻璃淋浴房解决了干湿问题，白色墙砖选用大理石，其自然纹理干净纯粹，加装百叶窗帘确保隐私，给主人一个惬意而原始感十足的沐浴时光。
"
551106,1,墙砖,白色墙砖选用大理石,['白色'],"卫生间因玻璃淋浴房解决了干湿问题，白色墙砖选用大理石，其自然纹理干净纯粹，加装百叶窗帘确保隐私，给主人一个惬意而原始感十足的沐浴时光。
"
551106,1,大理石,白色墙砖选用大理石,['白色'],"卫生间因玻璃淋浴房解决了干湿问题，白色墙砖选用大理石，其自然纹理干净纯粹，加装百叶窗帘确保隐私，给主人一个惬意而原始感十足的沐浴时光。
"
551106,2,纹理,其自然纹理干净纯粹,"['干净', '纯粹']","卫生间因玻璃淋浴房解决了干湿问题，白色墙砖选用大理石，其自然纹理干净纯粹，加装百叶窗帘确保隐私，给主人一个惬意而原始感十足的沐浴时光。
"
551106,3,百叶窗,加装百叶窗帘确保隐私,[],"卫生间因玻璃淋浴房解决了干湿问题，白色墙砖选用大理石，其自然纹理干净纯粹，加装百叶窗帘确保隐私，给主人一个惬意而原始感十足的沐浴时光。
"

551067,0,客厅,客厅的空间干净利落,[],客厅的空间干净利落，采用双侧灯光吊顶，提升空间的层次与氛围，方正而宽敞；采用大理石饰面作为电视背景墙，细腻流畅的花纹，自带天然美感，而储物柜与房门同色带来视觉上的平衡，令整个空间中性之中蕴藏着温婉。
551067,0,空间,客厅的空间干净利落,[],客厅的空间干净利落，采用双侧灯光吊顶，提升空间的层次与氛围，方正而宽敞；采用大理石饰面作为电视背景墙，细腻流畅的花纹，自带天然美感，而储物柜与房门同色带来视觉上的平衡，令整个空间中性之中蕴藏着温婉。
551067,1,灯光,采用双侧灯光吊顶,[],客厅的空间干净利落，采用双侧灯光吊顶，提升空间的层次与氛围，方正而宽敞；采用大理石饰面作为电视背景墙，细腻流畅的花纹，自带天然美感，而储物柜与房门同色带来视觉上的平衡，令整个空间中性之中蕴藏着温婉。
551067,1,吊顶,采用双侧灯光吊顶,[],客厅的空间干净利落，采用双侧灯光吊顶，提升空间的层次与氛围，方正而宽敞；采用大理石饰面作为电视背景墙，细腻流畅的花纹，自带天然美感，而储物柜与房门同色带来视觉上的平衡，令整个空间中性之中蕴藏着温婉。
551067,2,空间,提升空间的层次与氛围,[],客厅的空间干净利落，采用双侧灯光吊顶，提升空间的层次与氛围，方正而宽敞；采用大理石饰面作为电视背景墙，细腻流畅的花纹，自带天然美感，而储物柜与房门同色带来视觉上的平衡，令整个空间中性之中蕴藏着温婉。
551067,4,大理石,采用大理石饰面作为电视背景墙,[],客厅的空间干净利落，采用双侧灯光吊顶，提升空间的层次与氛围，方正而宽敞；采用大理石饰面作为电视背景墙，细腻流畅的花纹，自带天然美感，而储物柜与房门同色带来视觉上的平衡，令整个空间中性之中蕴藏着温婉。
551067,4,电视,采用大理石饰面作为电视背景墙,[],客厅的空间干净利落，采用双侧灯光吊顶，提升空间的层次与氛围，方正而宽敞；采用大理石饰面作为电视背景墙，细腻流畅的花纹，自带天然美感，而储物柜与房门同色带来视觉上的平衡，令整个空间中性之中蕴藏着温婉。
551067,4,背景墙,采用大理石饰面作为电视背景墙,[],客厅的空间干净利落，采用双侧灯光吊顶，提升空间的层次与氛围，方正而宽敞；采用大理石饰面作为电视背景墙，细腻流畅的花纹，自带天然美感，而储物柜与房门同色带来视觉上的平衡，令整个空间中性之中蕴藏着温婉。
551067,7,储物柜,而储物柜与房门同色带来视觉上的平衡,['平衡'],客厅的空间干净利落，采用双侧灯光吊顶，提升空间的层次与氛围，方正而宽敞；采用大理石饰面作为电视背景墙，细腻流畅的花纹，自带天然美感，而储物柜与房门同色带来视觉上的平衡，令整个空间中性之中蕴藏着温婉。
551067,8,空间,令整个空间中性之中蕴藏着温婉,['温婉'],客厅的空间干净利落，采用双侧灯光吊顶，提升空间的层次与氛围，方正而宽敞；采用大理石饰面作为电视背景墙，细腻流畅的花纹，自带天然美感，而储物柜与房门同色带来视觉上的平衡，令整个空间中性之中蕴藏着温婉。
551068,0,客厅,整个客厅空间将木材、石材等天然主材融入现代空间,[],整个客厅空间将木材、石材等天然主材融入现代空间，屋中质感十足的米咖色纳帕皮沙发，低调之中诠释出屋主追求本真的生活理想。
551068,0,空间,整个客厅空间将木材、石材等天然主材融入现代空间,[],整个客厅空间将木材、石材等天然主材融入现代空间，屋中质感十足的米咖色纳帕皮沙发，低调之中诠释出屋主追求本真的生活理想。
551068,0,木材,整个客厅空间将木材、石材等天然主材融入现代空间,[],整个客厅空间将木材、石材等天然主材融入现代空间，屋中质感十足的米咖色纳帕皮沙发，低调之中诠释出屋主追求本真的生活理想。
551068,0,石材,整个客厅空间将木材、石材等天然主材融入现代空间,[],整个客厅空间将木材、石材等天然主材融入现代空间，屋中质感十足的米咖色纳帕皮沙发，低调之中诠释出屋主追求本真的生活理想。
551068,0,空间,整个客厅空间将木材、石材等天然主材融入现代空间,[],整个客厅空间将木材、石材等天然主材融入现代空间，屋中质感十足的米咖色纳帕皮沙发，低调之中诠释出屋主追求本真的生活理想。
551070,0,空间,开放式的空间自带一种自在,[],开放式的空间自带一种自在，让人生活在此丝毫不受拘束，亮黑色的钢琴尽显知性优雅，黑与白的较量，演绎高级的时尚空间，简单却尽显实用。
551070,2,钢琴,亮黑色的钢琴尽显知性优雅,"['黑色', '优雅']",开放式的空间自带一种自在，让人生活在此丝毫不受拘束，亮黑色的钢琴尽显知性优雅，黑与白的较量，演绎高级的时尚空间，简单却尽显实用。
551070,4,空间,演绎高级的时尚空间,[],开放式的空间自带一种自在，让人生活在此丝毫不受拘束，亮黑色的钢琴尽显知性优雅，黑与白的较量，演绎高级的时尚空间，简单却尽显实用。
551072,0,厨房,开放式厨房使得空间更加通透大气,[],开放式厨房使得空间更加通透大气，重新调整后的立墙架构，一面墙中内嵌着厨房中的家电和书房中的书柜，最大程度的利用空间，也在简洁之中，让空间更有生活的智慧。
551072,0,空间,开放式厨房使得空间更加通透大气,[],开放式厨房使得空间更加通透大气，重新调整后的立墙架构，一面墙中内嵌着厨房中的家电和书房中的书柜，最大程度的利用空间，也在简洁之中，让空间更有生活的智慧。
551072,2,厨房,一面墙中内嵌着厨房中的家电和书房中的书柜,[],开放式厨房使得空间更加通透大气，重新调整后的立墙架构，一面墙中内嵌着厨房中的家电和书房中的书柜，最大程度的利用空间，也在简洁之中，让空间更有生活的智慧。
551072,2,书房,一面墙中内嵌着厨房中的家电和书房中的书柜,[],开放式厨房使得空间更加通透大气，重新调整后的立墙架构，一面墙中内嵌着厨房中的家电和书房中的书柜，最大程度的利用空间，也在简洁之中，让空间更有生活的智慧。
551072,2,书柜,一面墙中内嵌着厨房中的家电和书房中的书柜,[],开放式厨房使得空间更加通透大气，重新调整后的立墙架构，一面墙中内嵌着厨房中的家电和书房中的书柜，最大程度的利用空间，也在简洁之中，让空间更有生活的智慧。
551072,3,空间,最大程度的利用空间,['最大'],开放式厨房使得空间更加通透大气，重新调整后的立墙架构，一面墙中内嵌着厨房中的家电和书房中的书柜，最大程度的利用空间，也在简洁之中，让空间更有生活的智慧。
551072,5,空间,让空间更有生活的智慧,[],开放式厨房使得空间更加通透大气，重新调整后的立墙架构，一面墙中内嵌着厨房中的家电和书房中的书柜，最大程度的利用空间，也在简洁之中，让空间更有生活的智慧。
551073,0,灯光,灯光的柔和、绿植的生机、食物的鲜美,['柔和'],灯光的柔和、绿植的生机、食物的鲜美，写照出生活的美好蓝景；而大理石面的餐桌上摆放的花器、散落的石榴充满了生活的鲜活，一家人坐在这里用餐闲聊，幸福感油然而生。
551073,2,大理石,而大理石面的餐桌上摆放的花器、散落的石榴充满了生活的鲜活,['鲜活'],灯光的柔和、绿植的生机、食物的鲜美，写照出生活的美好蓝景；而大理石面的餐桌上摆放的花器、散落的石榴充满了生活的鲜活，一家人坐在这里用餐闲聊，幸福感油然而生。
551073,2,花器,而大理石面的餐桌上摆放的花器、散落的石榴充满了生活的鲜活,['鲜活'],灯光的柔和、绿植的生机、食物的鲜美，写照出生活的美好蓝景；而大理石面的餐桌上摆放的花器、散落的石榴充满了生活的鲜活，一家人坐在这里用餐闲聊，幸福感油然而生。
551074,0,主卧,主卧风格简约,[],主卧风格简约，又不失优雅与格调，卧室与阳台之间，仅在门框垭口处装饰亮黑色铺贴开就增加了空间的高级感；阳台处的书房让阳光洒满整个房间。保持通透感之余，打造了一个相对独立的空间，令主人能时刻感受到文化的气息。
551074,2,卧室,卧室与阳台之间,[],主卧风格简约，又不失优雅与格调，卧室与阳台之间，仅在门框垭口处装饰亮黑色铺贴开就增加了空间的高级感；阳台处的书房让阳光洒满整个房间。保持通透感之余，打造了一个相对独立的空间，令主人能时刻感受到文化的气息。
551074,2,阳台,卧室与阳台之间,[],主卧风格简约，又不失优雅与格调，卧室与阳台之间，仅在门框垭口处装饰亮黑色铺贴开就增加了空间的高级感；阳台处的书房让阳光洒满整个房间。保持通透感之余，打造了一个相对独立的空间，令主人能时刻感受到文化的气息。
551074,3,门框,仅在门框垭口处装饰亮黑色铺贴开就增加了空间的高级感,['黑色'],主卧风格简约，又不失优雅与格调，卧室与阳台之间，仅在门框垭口处装饰亮黑色铺贴开就增加了空间的高级感；阳台处的书房让阳光洒满整个房间。保持通透感之余，打造了一个相对独立的空间，令主人能时刻感受到文化的气息。
551074,3,垭口,仅在门框垭口处装饰亮黑色铺贴开就增加了空间的高级感,['黑色'],主卧风格简约，又不失优雅与格调，卧室与阳台之间，仅在门框垭口处装饰亮黑色铺贴开就增加了空间的高级感；阳台处的书房让阳光洒满整个房间。保持通透感之余，打造了一个相对独立的空间，令主人能时刻感受到文化的气息。
551074,3,装饰,仅在门框垭口处装饰亮黑色铺贴开就增加了空间的高级感,['黑色'],主卧风格简约，又不失优雅与格调，卧室与阳台之间，仅在门框垭口处装饰亮黑色铺贴开就增加了空间的高级感；阳台处的书房让阳光洒满整个房间。保持通透感之余，打造了一个相对独立的空间，令主人能时刻感受到文化的气息。
551074,3,空间,仅在门框垭口处装饰亮黑色铺贴开就增加了空间的高级感,['黑色'],主卧风格简约，又不失优雅与格调，卧室与阳台之间，仅在门框垭口处装饰亮黑色铺贴开就增加了空间的高级感；阳台处的书房让阳光洒满整个房间。保持通透感之余，打造了一个相对独立的空间，令主人能时刻感受到文化的气息。
551074,4,阳台,阳台处的书房让阳光洒满整个房间,[],主卧风格简约，又不失优雅与格调，卧室与阳台之间，仅在门框垭口处装饰亮黑色铺贴开就增加了空间的高级感；阳台处的书房让阳光洒满整个房间。保持通透感之余，打造了一个相对独立的空间，令主人能时刻感受到文化的气息。
551074,4,书房,阳台处的书房让阳光洒满整个房间,[],主卧风格简约，又不失优雅与格调，卧室与阳台之间，仅在门框垭口处装饰亮黑色铺贴开就增加了空间的高级感；阳台处的书房让阳光洒满整个房间。保持通透感之余，打造了一个相对独立的空间，令主人能时刻感受到文化的气息。
551074,6,空间,打造了一个相对独立的空间,[],主卧风格简约，又不失优雅与格调，卧室与阳台之间，仅在门框垭口处装饰亮黑色铺贴开就增加了空间的高级感；阳台处的书房让阳光洒满整个房间。保持通透感之余，打造了一个相对独立的空间，令主人能时刻感受到文化的气息。
551075,0,浴室,浴室与主卧使用电镀雾化玻璃隔开,[],"浴室与主卧使用电镀雾化玻璃隔开，既保证了空间的功能性，又为生活增添情趣；收纳龛的设计增加了收纳性，让小小的卫生间发挥实用性。
"
551075,0,玻璃,浴室与主卧使用电镀雾化玻璃隔开,[],"浴室与主卧使用电镀雾化玻璃隔开，既保证了空间的功能性，又为生活增添情趣；收纳龛的设计增加了收纳性，让小小的卫生间发挥实用性。
"
551075,1,空间,既保证了空间的功能性,[],"浴室与主卧使用电镀雾化玻璃隔开，既保证了空间的功能性，又为生活增添情趣；收纳龛的设计增加了收纳性，让小小的卫生间发挥实用性。
"
551075,4,卫生间,让小小的卫生间发挥实用性,[],"浴室与主卧使用电镀雾化玻璃隔开，既保证了空间的功能性，又为生活增添情趣；收纳龛的设计增加了收纳性，让小小的卫生间发挥实用性。
"
551078,1,背景墙,整个背景墙以驼黄和莫兰迪色做拼接,[],儿童房简洁的造型更显空间感，整个背景墙以驼黄和莫兰迪色做拼接，并作出波纹造型，配上各式的卡通图案营造了一个海底世界的活力氛围，也给孩子营造了一副生机、童趣的画面；床头选用柔软皮质代替坚硬木质，为孩子的安全保驾护航。
551078,3,图案,配上各式的卡通图案营造了一个海底世界的活力氛围,[],儿童房简洁的造型更显空间感，整个背景墙以驼黄和莫兰迪色做拼接，并作出波纹造型，配上各式的卡通图案营造了一个海底世界的活力氛围，也给孩子营造了一副生机、童趣的画面；床头选用柔软皮质代替坚硬木质，为孩子的安全保驾护航。
551078,3,活力,配上各式的卡通图案营造了一个海底世界的活力氛围,[],儿童房简洁的造型更显空间感，整个背景墙以驼黄和莫兰迪色做拼接，并作出波纹造型，配上各式的卡通图案营造了一个海底世界的活力氛围，也给孩子营造了一副生机、童趣的画面；床头选用柔软皮质代替坚硬木质，为孩子的安全保驾护航。
551078,4,孩子,也给孩子营造了一副生机、童趣的画面,[],儿童房简洁的造型更显空间感，整个背景墙以驼黄和莫兰迪色做拼接，并作出波纹造型，配上各式的卡通图案营造了一个海底世界的活力氛围，也给孩子营造了一副生机、童趣的画面；床头选用柔软皮质代替坚硬木质，为孩子的安全保驾护航。
551078,5,床头,床头选用柔软皮质代替坚硬木质,"['柔软', '坚硬']",儿童房简洁的造型更显空间感，整个背景墙以驼黄和莫兰迪色做拼接，并作出波纹造型，配上各式的卡通图案营造了一个海底世界的活力氛围，也给孩子营造了一副生机、童趣的画面；床头选用柔软皮质代替坚硬木质，为孩子的安全保驾护航。
551078,6,孩子,为孩子的安全保驾护航,['安全'],儿童房简洁的造型更显空间感，整个背景墙以驼黄和莫兰迪色做拼接，并作出波纹造型，配上各式的卡通图案营造了一个海底世界的活力氛围，也给孩子营造了一副生机、童趣的画面；床头选用柔软皮质代替坚硬木质，为孩子的安全保驾护航。
551085,0,玻璃,玄关处用玻璃屏风打造出一个艺术的小空间,[],玄关处用玻璃屏风打造出一个艺术的小空间，既不影响空间采光，又增加了空间的朦胧美；不规则木艺玄关柜造型别致，勾勒出灵动的立体美学，桌上的花器和吊灯以不同的设计美学雕刻生活的鲜活与和谐。
551085,0,屏风,玄关处用玻璃屏风打造出一个艺术的小空间,[],玄关处用玻璃屏风打造出一个艺术的小空间，既不影响空间采光，又增加了空间的朦胧美；不规则木艺玄关柜造型别致，勾勒出灵动的立体美学，桌上的花器和吊灯以不同的设计美学雕刻生活的鲜活与和谐。
551085,0,空间,玄关处用玻璃屏风打造出一个艺术的小空间,[],玄关处用玻璃屏风打造出一个艺术的小空间，既不影响空间采光，又增加了空间的朦胧美；不规则木艺玄关柜造型别致，勾勒出灵动的立体美学，桌上的花器和吊灯以不同的设计美学雕刻生活的鲜活与和谐。
551085,1,空间,既不影响空间采光,[],玄关处用玻璃屏风打造出一个艺术的小空间，既不影响空间采光，又增加了空间的朦胧美；不规则木艺玄关柜造型别致，勾勒出灵动的立体美学，桌上的花器和吊灯以不同的设计美学雕刻生活的鲜活与和谐。
551085,2,空间,又增加了空间的朦胧美,['朦胧'],玄关处用玻璃屏风打造出一个艺术的小空间，既不影响空间采光，又增加了空间的朦胧美；不规则木艺玄关柜造型别致，勾勒出灵动的立体美学，桌上的花器和吊灯以不同的设计美学雕刻生活的鲜活与和谐。
551085,5,花器,桌上的花器和吊灯以不同的设计美学雕刻生活的鲜活与和谐,"['不同', '鲜活', '和谐']",玄关处用玻璃屏风打造出一个艺术的小空间，既不影响空间采光，又增加了空间的朦胧美；不规则木艺玄关柜造型别致，勾勒出灵动的立体美学，桌上的花器和吊灯以不同的设计美学雕刻生活的鲜活与和谐。
551085,5,吊灯,桌上的花器和吊灯以不同的设计美学雕刻生活的鲜活与和谐,"['不同', '鲜活', '和谐']",玄关处用玻璃屏风打造出一个艺术的小空间，既不影响空间采光，又增加了空间的朦胧美；不规则木艺玄关柜造型别致，勾勒出灵动的立体美学，桌上的花器和吊灯以不同的设计美学雕刻生活的鲜活与和谐。
551086,0,客厅,客厅在空间布局十分宽阔,['宽阔'],客厅在空间布局十分宽阔，白色法式线条的精巧与木色地板冷淡的底色渲染出强烈的空间感和立体感，蓝色窗帘盒扎染的地毯赋予空间更为灵气；整个空间通透大气。划分出适合现代生活方式的功能区，大气别致。
551086,1,地板,白色法式线条的精巧与木色地板冷淡的底色渲染出强烈的空间感和立体感,"['白色', '精巧', '木色', '强烈']",客厅在空间布局十分宽阔，白色法式线条的精巧与木色地板冷淡的底色渲染出强烈的空间感和立体感，蓝色窗帘盒扎染的地毯赋予空间更为灵气；整个空间通透大气。划分出适合现代生活方式的功能区，大气别致。
551086,2,地毯,蓝色窗帘盒扎染的地毯赋予空间更为灵气,['蓝色'],客厅在空间布局十分宽阔，白色法式线条的精巧与木色地板冷淡的底色渲染出强烈的空间感和立体感，蓝色窗帘盒扎染的地毯赋予空间更为灵气；整个空间通透大气。划分出适合现代生活方式的功能区，大气别致。
551086,2,空间,蓝色窗帘盒扎染的地毯赋予空间更为灵气,['蓝色'],客厅在空间布局十分宽阔，白色法式线条的精巧与木色地板冷淡的底色渲染出强烈的空间感和立体感，蓝色窗帘盒扎染的地毯赋予空间更为灵气；整个空间通透大气。划分出适合现代生活方式的功能区，大气别致。
551086,3,空间,整个空间通透大气,[],客厅在空间布局十分宽阔，白色法式线条的精巧与木色地板冷淡的底色渲染出强烈的空间感和立体感，蓝色窗帘盒扎染的地毯赋予空间更为灵气；整个空间通透大气。划分出适合现代生活方式的功能区，大气别致。
551086,4,功能区,划分出适合现代生活方式的功能区,[],客厅在空间布局十分宽阔，白色法式线条的精巧与木色地板冷淡的底色渲染出强烈的空间感和立体感，蓝色窗帘盒扎染的地毯赋予空间更为灵气；整个空间通透大气。划分出适合现代生活方式的功能区，大气别致。
551087,0,阳台,阳台的推拉门改为折叠门,[],阳台的推拉门改为折叠门，这样一来，庭院中的美景可以尽收眼底，同时，也大大节省了空间；客厅内扎染的浅蓝色地毯、蓝色窗帘组合出清雅感，墙面上的挂画以柔和的色彩与空间相融为一，与羽毛吊灯造就个性，也表达现代大气。
551087,4,空间,也大大节省了空间,[],阳台的推拉门改为折叠门，这样一来，庭院中的美景可以尽收眼底，同时，也大大节省了空间；客厅内扎染的浅蓝色地毯、蓝色窗帘组合出清雅感，墙面上的挂画以柔和的色彩与空间相融为一，与羽毛吊灯造就个性，也表达现代大气。
551087,5,客厅,客厅内扎染的浅蓝色地毯、蓝色窗帘组合出清雅感,"['浅蓝色', '蓝色', '清雅']",阳台的推拉门改为折叠门，这样一来，庭院中的美景可以尽收眼底，同时，也大大节省了空间；客厅内扎染的浅蓝色地毯、蓝色窗帘组合出清雅感，墙面上的挂画以柔和的色彩与空间相融为一，与羽毛吊灯造就个性，也表达现代大气。
551087,5,地毯,客厅内扎染的浅蓝色地毯、蓝色窗帘组合出清雅感,"['浅蓝色', '蓝色', '清雅']",阳台的推拉门改为折叠门，这样一来，庭院中的美景可以尽收眼底，同时，也大大节省了空间；客厅内扎染的浅蓝色地毯、蓝色窗帘组合出清雅感，墙面上的挂画以柔和的色彩与空间相融为一，与羽毛吊灯造就个性，也表达现代大气。
551087,5,窗帘,客厅内扎染的浅蓝色地毯、蓝色窗帘组合出清雅感,"['浅蓝色', '蓝色', '清雅']",阳台的推拉门改为折叠门，这样一来，庭院中的美景可以尽收眼底，同时，也大大节省了空间；客厅内扎染的浅蓝色地毯、蓝色窗帘组合出清雅感，墙面上的挂画以柔和的色彩与空间相融为一，与羽毛吊灯造就个性，也表达现代大气。
551087,6,墙面,墙面上的挂画以柔和的色彩与空间相融为一,['柔和'],阳台的推拉门改为折叠门，这样一来，庭院中的美景可以尽收眼底，同时，也大大节省了空间；客厅内扎染的浅蓝色地毯、蓝色窗帘组合出清雅感，墙面上的挂画以柔和的色彩与空间相融为一，与羽毛吊灯造就个性，也表达现代大气。
551087,6,空间,墙面上的挂画以柔和的色彩与空间相融为一,['柔和'],阳台的推拉门改为折叠门，这样一来，庭院中的美景可以尽收眼底，同时，也大大节省了空间；客厅内扎染的浅蓝色地毯、蓝色窗帘组合出清雅感，墙面上的挂画以柔和的色彩与空间相融为一，与羽毛吊灯造就个性，也表达现代大气。
551087,7,吊灯,与羽毛吊灯造就个性,[],阳台的推拉门改为折叠门，这样一来，庭院中的美景可以尽收眼底，同时，也大大节省了空间；客厅内扎染的浅蓝色地毯、蓝色窗帘组合出清雅感，墙面上的挂画以柔和的色彩与空间相融为一，与羽毛吊灯造就个性，也表达现代大气。
551088,0,客厅,客厅空间设置吊挂壁炉,[],客厅空间设置吊挂壁炉，不仅让空间更加生动富有层次，也体现出满满的生活仪式感，温馨而有格调；白色沙发简约的设计与整个现代法式的空间相得益彰，满是雅致。
551088,0,空间,客厅空间设置吊挂壁炉,[],客厅空间设置吊挂壁炉，不仅让空间更加生动富有层次，也体现出满满的生活仪式感，温馨而有格调；白色沙发简约的设计与整个现代法式的空间相得益彰，满是雅致。
551088,0,壁炉,客厅空间设置吊挂壁炉,[],客厅空间设置吊挂壁炉，不仅让空间更加生动富有层次，也体现出满满的生活仪式感，温馨而有格调；白色沙发简约的设计与整个现代法式的空间相得益彰，满是雅致。
551088,1,空间,不仅让空间更加生动富有层次,[],客厅空间设置吊挂壁炉，不仅让空间更加生动富有层次，也体现出满满的生活仪式感，温馨而有格调；白色沙发简约的设计与整个现代法式的空间相得益彰，满是雅致。
551088,4,空间,白色沙发简约的设计与整个现代法式的空间相得益彰,['白色'],客厅空间设置吊挂壁炉，不仅让空间更加生动富有层次，也体现出满满的生活仪式感，温馨而有格调；白色沙发简约的设计与整个现代法式的空间相得益彰，满是雅致。
551089,0,动线,开放式的餐厨区利用动线将空间与空间之间进行巧妙地区分,['巧妙'],开放式的餐厨区利用动线将空间与空间之间进行巧妙地区分，和谐美感中传达出一种感性、惬意、自在的生活方式；岛台既可以起到收纳的作用，也方便操作，让主人的生活不仅有条不紊，还充满现代都市的简洁和大气。
551089,0,空间,开放式的餐厨区利用动线将空间与空间之间进行巧妙地区分,['巧妙'],开放式的餐厨区利用动线将空间与空间之间进行巧妙地区分，和谐美感中传达出一种感性、惬意、自在的生活方式；岛台既可以起到收纳的作用，也方便操作，让主人的生活不仅有条不紊，还充满现代都市的简洁和大气。
551089,0,空间,开放式的餐厨区利用动线将空间与空间之间进行巧妙地区分,['巧妙'],开放式的餐厨区利用动线将空间与空间之间进行巧妙地区分，和谐美感中传达出一种感性、惬意、自在的生活方式；岛台既可以起到收纳的作用，也方便操作，让主人的生活不仅有条不紊，还充满现代都市的简洁和大气。
551090,0,餐厅,餐厅开放式的格局十分开阔,[],餐厅开放式的格局十分开阔，玻璃落地门解决了分区之余，让厨房空间更为通透；雅士白岛台、原木饰面餐桌、清新蓝法式餐椅组合出法式高雅；金色框架线性灯饰随性的设计，简约实用又不失创造力，令空间愈发时髦。
551090,1,玻璃,玻璃落地门解决了分区之余,[],餐厅开放式的格局十分开阔，玻璃落地门解决了分区之余，让厨房空间更为通透；雅士白岛台、原木饰面餐桌、清新蓝法式餐椅组合出法式高雅；金色框架线性灯饰随性的设计，简约实用又不失创造力，令空间愈发时髦。
551090,1,门,玻璃落地门解决了分区之余,[],餐厅开放式的格局十分开阔，玻璃落地门解决了分区之余，让厨房空间更为通透；雅士白岛台、原木饰面餐桌、清新蓝法式餐椅组合出法式高雅；金色框架线性灯饰随性的设计，简约实用又不失创造力，令空间愈发时髦。
551090,2,厨房,让厨房空间更为通透,[],餐厅开放式的格局十分开阔，玻璃落地门解决了分区之余，让厨房空间更为通透；雅士白岛台、原木饰面餐桌、清新蓝法式餐椅组合出法式高雅；金色框架线性灯饰随性的设计，简约实用又不失创造力，令空间愈发时髦。
551090,2,空间,让厨房空间更为通透,[],餐厅开放式的格局十分开阔，玻璃落地门解决了分区之余，让厨房空间更为通透；雅士白岛台、原木饰面餐桌、清新蓝法式餐椅组合出法式高雅；金色框架线性灯饰随性的设计，简约实用又不失创造力，令空间愈发时髦。
551090,3,餐桌,雅士白岛台、原木饰面餐桌、清新蓝法式餐椅组合出法式高雅,['清新'],餐厅开放式的格局十分开阔，玻璃落地门解决了分区之余，让厨房空间更为通透；雅士白岛台、原木饰面餐桌、清新蓝法式餐椅组合出法式高雅；金色框架线性灯饰随性的设计，简约实用又不失创造力，令空间愈发时髦。
551090,3,餐椅,雅士白岛台、原木饰面餐桌、清新蓝法式餐椅组合出法式高雅,['清新'],餐厅开放式的格局十分开阔，玻璃落地门解决了分区之余，让厨房空间更为通透；雅士白岛台、原木饰面餐桌、清新蓝法式餐椅组合出法式高雅；金色框架线性灯饰随性的设计，简约实用又不失创造力，令空间愈发时髦。
551090,4,灯饰,金色框架线性灯饰随性的设计,['金色'],餐厅开放式的格局十分开阔，玻璃落地门解决了分区之余，让厨房空间更为通透；雅士白岛台、原木饰面餐桌、清新蓝法式餐椅组合出法式高雅；金色框架线性灯饰随性的设计，简约实用又不失创造力，令空间愈发时髦。
551090,6,空间,令空间愈发时髦,[],餐厅开放式的格局十分开阔，玻璃落地门解决了分区之余，让厨房空间更为通透；雅士白岛台、原木饰面餐桌、清新蓝法式餐椅组合出法式高雅；金色框架线性灯饰随性的设计，简约实用又不失创造力，令空间愈发时髦。
551091,0,空间,不同于公共空间的简约干练,['干练'],不同于公共空间的简约干练，主卧更显优雅温润，以奶白色为基础，搭配优雅的蓝和柔和的灰色。渲染空间的素雅淡静；选用金属描边质感的储物柜彰显出法式风格的华贵气质，结合时髦的灯具、摆饰，更为温润舒适。
551091,1,主卧,主卧更显优雅温润,['优雅'],不同于公共空间的简约干练，主卧更显优雅温润，以奶白色为基础，搭配优雅的蓝和柔和的灰色。渲染空间的素雅淡静；选用金属描边质感的储物柜彰显出法式风格的华贵气质，结合时髦的灯具、摆饰，更为温润舒适。
551091,4,空间,渲染空间的素雅淡静,['素雅'],不同于公共空间的简约干练，主卧更显优雅温润，以奶白色为基础，搭配优雅的蓝和柔和的灰色。渲染空间的素雅淡静；选用金属描边质感的储物柜彰显出法式风格的华贵气质，结合时髦的灯具、摆饰，更为温润舒适。
551091,5,金属,选用金属描边质感的储物柜彰显出法式风格的华贵气质,[],不同于公共空间的简约干练，主卧更显优雅温润，以奶白色为基础，搭配优雅的蓝和柔和的灰色。渲染空间的素雅淡静；选用金属描边质感的储物柜彰显出法式风格的华贵气质，结合时髦的灯具、摆饰，更为温润舒适。
551091,5,储物柜,选用金属描边质感的储物柜彰显出法式风格的华贵气质,[],不同于公共空间的简约干练，主卧更显优雅温润，以奶白色为基础，搭配优雅的蓝和柔和的灰色。渲染空间的素雅淡静；选用金属描边质感的储物柜彰显出法式风格的华贵气质，结合时髦的灯具、摆饰，更为温润舒适。
551091,6,灯具,结合时髦的灯具、摆饰,[],不同于公共空间的简约干练，主卧更显优雅温润，以奶白色为基础，搭配优雅的蓝和柔和的灰色。渲染空间的素雅淡静；选用金属描边质感的储物柜彰显出法式风格的华贵气质，结合时髦的灯具、摆饰，更为温润舒适。
551092,0,功能区,主卫功能区干湿分离,[],主卫功能区干湿分离，双台盆的设计既节省房主夫妇清晨洗漱时间，实用性更强，并且椭圆形镜子以对称的方式呈现对称美学，与白色灰纹砖石构成现代大气；黄铜壁纸的点缀，逾显精致。
551092,1,夫妇,双台盆的设计既节省房主夫妇清晨洗漱时间,[],主卫功能区干湿分离，双台盆的设计既节省房主夫妇清晨洗漱时间，实用性更强，并且椭圆形镜子以对称的方式呈现对称美学，与白色灰纹砖石构成现代大气；黄铜壁纸的点缀，逾显精致。
551092,3,镜子,并且椭圆形镜子以对称的方式呈现对称美学,[],主卫功能区干湿分离，双台盆的设计既节省房主夫妇清晨洗漱时间，实用性更强，并且椭圆形镜子以对称的方式呈现对称美学，与白色灰纹砖石构成现代大气；黄铜壁纸的点缀，逾显精致。
551092,4,砖石,与白色灰纹砖石构成现代大气,['白色'],主卫功能区干湿分离，双台盆的设计既节省房主夫妇清晨洗漱时间，实用性更强，并且椭圆形镜子以对称的方式呈现对称美学，与白色灰纹砖石构成现代大气；黄铜壁纸的点缀，逾显精致。
551092,5,壁纸,黄铜壁纸的点缀,[],主卫功能区干湿分离，双台盆的设计既节省房主夫妇清晨洗漱时间，实用性更强，并且椭圆形镜子以对称的方式呈现对称美学，与白色灰纹砖石构成现代大气；黄铜壁纸的点缀，逾显精致。
551093,1,墙面,墙面灰蓝色的石膏板以几何造型增添空间的立体感,['蓝色'],女孩房在设计上更加明快灵动，墙面灰蓝色的石膏板以几何造型增添空间的立体感，与白色的框架床形成一种几何美学，实用之中透着简洁；灯泡组合的设计给予空间点光源之外，与床幔令空间多了轻盈活泼，再加上玩偶和饰品令生活充满童思妙趣。
551093,1,空间,墙面灰蓝色的石膏板以几何造型增添空间的立体感,['蓝色'],女孩房在设计上更加明快灵动，墙面灰蓝色的石膏板以几何造型增添空间的立体感，与白色的框架床形成一种几何美学，实用之中透着简洁；灯泡组合的设计给予空间点光源之外，与床幔令空间多了轻盈活泼，再加上玩偶和饰品令生活充满童思妙趣。
551093,2,床,与白色的框架床形成一种几何美学,['白色'],女孩房在设计上更加明快灵动，墙面灰蓝色的石膏板以几何造型增添空间的立体感，与白色的框架床形成一种几何美学，实用之中透着简洁；灯泡组合的设计给予空间点光源之外，与床幔令空间多了轻盈活泼，再加上玩偶和饰品令生活充满童思妙趣。
551093,4,空间,灯泡组合的设计给予空间点光源之外,[],女孩房在设计上更加明快灵动，墙面灰蓝色的石膏板以几何造型增添空间的立体感，与白色的框架床形成一种几何美学，实用之中透着简洁；灯泡组合的设计给予空间点光源之外，与床幔令空间多了轻盈活泼，再加上玩偶和饰品令生活充满童思妙趣。
551093,5,空间,与床幔令空间多了轻盈活泼,['活泼'],女孩房在设计上更加明快灵动，墙面灰蓝色的石膏板以几何造型增添空间的立体感，与白色的框架床形成一种几何美学，实用之中透着简洁；灯泡组合的设计给予空间点光源之外，与床幔令空间多了轻盈活泼，再加上玩偶和饰品令生活充满童思妙趣。
551093,6,饰品,再加上玩偶和饰品令生活充满童思妙趣,[],女孩房在设计上更加明快灵动，墙面灰蓝色的石膏板以几何造型增添空间的立体感，与白色的框架床形成一种几何美学，实用之中透着简洁；灯泡组合的设计给予空间点光源之外，与床幔令空间多了轻盈活泼，再加上玩偶和饰品令生活充满童思妙趣。
551095,2,孩子,满足孩子兴趣,[],男孩房的设计符合他爱运动、喜欢冒险的性格，木色的一面墙壁挂满了各式各样的攀岩器具，满足孩子兴趣；木支架床既可以休息，也作为游戏区使用，十分实用性，也丰富了空间美感，与原本蓝色调的空间形成童趣。
551095,3,支架,木支架床既可以休息,[],男孩房的设计符合他爱运动、喜欢冒险的性格，木色的一面墙壁挂满了各式各样的攀岩器具，满足孩子兴趣；木支架床既可以休息，也作为游戏区使用，十分实用性，也丰富了空间美感，与原本蓝色调的空间形成童趣。
551095,3,床,木支架床既可以休息,[],男孩房的设计符合他爱运动、喜欢冒险的性格，木色的一面墙壁挂满了各式各样的攀岩器具，满足孩子兴趣；木支架床既可以休息，也作为游戏区使用，十分实用性，也丰富了空间美感，与原本蓝色调的空间形成童趣。
551095,6,空间,也丰富了空间美感,['丰富'],男孩房的设计符合他爱运动、喜欢冒险的性格，木色的一面墙壁挂满了各式各样的攀岩器具，满足孩子兴趣；木支架床既可以休息，也作为游戏区使用，十分实用性，也丰富了空间美感，与原本蓝色调的空间形成童趣。
551095,7,空间,与原本蓝色调的空间形成童趣,['蓝色'],男孩房的设计符合他爱运动、喜欢冒险的性格，木色的一面墙壁挂满了各式各样的攀岩器具，满足孩子兴趣；木支架床既可以休息，也作为游戏区使用，十分实用性，也丰富了空间美感，与原本蓝色调的空间形成童趣。
551057,0,客厅,客厅的硬装以简欧风格作为基调,[],客厅的硬装以简欧风格作为基调，软装则是用现代手法进行处理，将现代的时尚与古典的雅韵完美融合，构成整个空间的奢贵。
551057,0,硬装,客厅的硬装以简欧风格作为基调,[],客厅的硬装以简欧风格作为基调，软装则是用现代手法进行处理，将现代的时尚与古典的雅韵完美融合，构成整个空间的奢贵。
551057,0,基调,客厅的硬装以简欧风格作为基调,[],客厅的硬装以简欧风格作为基调，软装则是用现代手法进行处理，将现代的时尚与古典的雅韵完美融合，构成整个空间的奢贵。
551057,1,软装,软装则是用现代手法进行处理,[],客厅的硬装以简欧风格作为基调，软装则是用现代手法进行处理，将现代的时尚与古典的雅韵完美融合，构成整个空间的奢贵。
551057,3,空间,构成整个空间的奢贵,['奢贵'],客厅的硬装以简欧风格作为基调，软装则是用现代手法进行处理，将现代的时尚与古典的雅韵完美融合，构成整个空间的奢贵。
551058,2,家具,家具和墙面则是选用柔和的暖色中和浓郁的红色,"['柔和', '暖色', '浓郁', '红色']",红色带给人的视觉刺激会较强，因此红色多为点缀，家具和墙面则是选用柔和的暖色中和浓郁的红色，既让空间保持了层次，而将其热情与张力、艺术感完美呈现在空间。
551058,2,墙面,家具和墙面则是选用柔和的暖色中和浓郁的红色,"['柔和', '暖色', '浓郁', '红色']",红色带给人的视觉刺激会较强，因此红色多为点缀，家具和墙面则是选用柔和的暖色中和浓郁的红色，既让空间保持了层次，而将其热情与张力、艺术感完美呈现在空间。
551058,3,空间,既让空间保持了层次,[],红色带给人的视觉刺激会较强，因此红色多为点缀，家具和墙面则是选用柔和的暖色中和浓郁的红色，既让空间保持了层次，而将其热情与张力、艺术感完美呈现在空间。
551058,4,空间,而将其热情与张力、艺术感完美呈现在空间,['完美'],红色带给人的视觉刺激会较强，因此红色多为点缀，家具和墙面则是选用柔和的暖色中和浓郁的红色，既让空间保持了层次，而将其热情与张力、艺术感完美呈现在空间。
551059,1,吊顶,白色的吊顶与立面精致的石膏线条勾勒出古典风韵,"['白色', '精致']",空间结构规整方正，白色的吊顶与立面精致的石膏线条勾勒出古典风韵；镶嵌金色线条的沙发边几、电视柜刻画出轻奢艺术的风尚，红色渐变地毯和扶手椅点缀出空间的摩登。
551059,1,石膏,白色的吊顶与立面精致的石膏线条勾勒出古典风韵,"['白色', '精致']",空间结构规整方正，白色的吊顶与立面精致的石膏线条勾勒出古典风韵；镶嵌金色线条的沙发边几、电视柜刻画出轻奢艺术的风尚，红色渐变地毯和扶手椅点缀出空间的摩登。
551059,2,电视柜,镶嵌金色线条的沙发边几、电视柜刻画出轻奢艺术的风尚,['金色'],空间结构规整方正，白色的吊顶与立面精致的石膏线条勾勒出古典风韵；镶嵌金色线条的沙发边几、电视柜刻画出轻奢艺术的风尚，红色渐变地毯和扶手椅点缀出空间的摩登。
551059,3,地毯,红色渐变地毯和扶手椅点缀出空间的摩登,['红色'],空间结构规整方正，白色的吊顶与立面精致的石膏线条勾勒出古典风韵；镶嵌金色线条的沙发边几、电视柜刻画出轻奢艺术的风尚，红色渐变地毯和扶手椅点缀出空间的摩登。
551059,3,扶手椅,红色渐变地毯和扶手椅点缀出空间的摩登,['红色'],空间结构规整方正，白色的吊顶与立面精致的石膏线条勾勒出古典风韵；镶嵌金色线条的沙发边几、电视柜刻画出轻奢艺术的风尚，红色渐变地毯和扶手椅点缀出空间的摩登。
551059,3,空间,红色渐变地毯和扶手椅点缀出空间的摩登,['红色'],空间结构规整方正，白色的吊顶与立面精致的石膏线条勾勒出古典风韵；镶嵌金色线条的沙发边几、电视柜刻画出轻奢艺术的风尚，红色渐变地毯和扶手椅点缀出空间的摩登。
551061,0,空间,整个空间展现出浓郁的艺术气息,['浓郁'],"整个空间展现出浓郁的艺术气息，金色与黑白红，碰撞出高级感，同时丰富了视觉的层次感。典雅驼色简约真皮沙发，搭配白色石膏墙上悬挂得红色艺术画，茶几两边的黑色布椅和复古红丝绒单人椅两相呼应，错落有序之中彰显生活得张力。
"
551061,5,石膏,搭配白色石膏墙上悬挂得红色艺术画,"['白色', '红色']","整个空间展现出浓郁的艺术气息，金色与黑白红，碰撞出高级感，同时丰富了视觉的层次感。典雅驼色简约真皮沙发，搭配白色石膏墙上悬挂得红色艺术画，茶几两边的黑色布椅和复古红丝绒单人椅两相呼应，错落有序之中彰显生活得张力。
"
551061,6,茶几,茶几两边的黑色布椅和复古红丝绒单人椅两相呼应,"['黑色', '红']","整个空间展现出浓郁的艺术气息，金色与黑白红，碰撞出高级感，同时丰富了视觉的层次感。典雅驼色简约真皮沙发，搭配白色石膏墙上悬挂得红色艺术画，茶几两边的黑色布椅和复古红丝绒单人椅两相呼应，错落有序之中彰显生活得张力。
"
551061,6,单人,茶几两边的黑色布椅和复古红丝绒单人椅两相呼应,"['黑色', '红']","整个空间展现出浓郁的艺术气息，金色与黑白红，碰撞出高级感，同时丰富了视觉的层次感。典雅驼色简约真皮沙发，搭配白色石膏墙上悬挂得红色艺术画，茶几两边的黑色布椅和复古红丝绒单人椅两相呼应，错落有序之中彰显生活得张力。
"
551062,0,餐厅,餐厅的墙面选用大理石铺装,[],餐厅的墙面选用大理石铺装，云纹大理石餐桌与之相呼应，搭配高级灰餐椅将低调的高级感展现得淋漓尽致；红色高脚凳令吧台也格外摩登，黑色几何时尚餐边柜与现代感的餐椅、精致个性的摆件交织出别致，让就餐也成为一种享受。
551062,0,墙面,餐厅的墙面选用大理石铺装,[],餐厅的墙面选用大理石铺装，云纹大理石餐桌与之相呼应，搭配高级灰餐椅将低调的高级感展现得淋漓尽致；红色高脚凳令吧台也格外摩登，黑色几何时尚餐边柜与现代感的餐椅、精致个性的摆件交织出别致，让就餐也成为一种享受。
551062,0,大理石,餐厅的墙面选用大理石铺装,[],餐厅的墙面选用大理石铺装，云纹大理石餐桌与之相呼应，搭配高级灰餐椅将低调的高级感展现得淋漓尽致；红色高脚凳令吧台也格外摩登，黑色几何时尚餐边柜与现代感的餐椅、精致个性的摆件交织出别致，让就餐也成为一种享受。
551062,1,大理石,云纹大理石餐桌与之相呼应,[],餐厅的墙面选用大理石铺装，云纹大理石餐桌与之相呼应，搭配高级灰餐椅将低调的高级感展现得淋漓尽致；红色高脚凳令吧台也格外摩登，黑色几何时尚餐边柜与现代感的餐椅、精致个性的摆件交织出别致，让就餐也成为一种享受。
551062,1,餐桌,云纹大理石餐桌与之相呼应,[],餐厅的墙面选用大理石铺装，云纹大理石餐桌与之相呼应，搭配高级灰餐椅将低调的高级感展现得淋漓尽致；红色高脚凳令吧台也格外摩登，黑色几何时尚餐边柜与现代感的餐椅、精致个性的摆件交织出别致，让就餐也成为一种享受。
551062,2,餐椅,搭配高级灰餐椅将低调的高级感展现得淋漓尽致,[],餐厅的墙面选用大理石铺装，云纹大理石餐桌与之相呼应，搭配高级灰餐椅将低调的高级感展现得淋漓尽致；红色高脚凳令吧台也格外摩登，黑色几何时尚餐边柜与现代感的餐椅、精致个性的摆件交织出别致，让就餐也成为一种享受。
551062,3,吧台,红色高脚凳令吧台也格外摩登,"['红色', '高']",餐厅的墙面选用大理石铺装，云纹大理石餐桌与之相呼应，搭配高级灰餐椅将低调的高级感展现得淋漓尽致；红色高脚凳令吧台也格外摩登，黑色几何时尚餐边柜与现代感的餐椅、精致个性的摆件交织出别致，让就餐也成为一种享受。
551062,4,餐椅,黑色几何时尚餐边柜与现代感的餐椅、精致个性的摆件交织出别致,"['黑色', '精致']",餐厅的墙面选用大理石铺装，云纹大理石餐桌与之相呼应，搭配高级灰餐椅将低调的高级感展现得淋漓尽致；红色高脚凳令吧台也格外摩登，黑色几何时尚餐边柜与现代感的餐椅、精致个性的摆件交织出别致，让就餐也成为一种享受。
551062,4,摆件,黑色几何时尚餐边柜与现代感的餐椅、精致个性的摆件交织出别致,"['黑色', '精致']",餐厅的墙面选用大理石铺装，云纹大理石餐桌与之相呼应，搭配高级灰餐椅将低调的高级感展现得淋漓尽致；红色高脚凳令吧台也格外摩登，黑色几何时尚餐边柜与现代感的餐椅、精致个性的摆件交织出别致，让就餐也成为一种享受。
551063,1,书房,书房的空间更加简约,[],相比之下，书房的空间更加简约，墙体内置的书架与简洁利落的灰色开放式书架呈现出理性思考者的态度，既有储物的实用性，又简单大气，让主人满足于自己的生活。
551063,1,空间,书房的空间更加简约,[],相比之下，书房的空间更加简约，墙体内置的书架与简洁利落的灰色开放式书架呈现出理性思考者的态度，既有储物的实用性，又简单大气，让主人满足于自己的生活。
551063,2,墙体,墙体内置的书架与简洁利落的灰色开放式书架呈现出理性思考者的态度,"['简洁', '灰色']",相比之下，书房的空间更加简约，墙体内置的书架与简洁利落的灰色开放式书架呈现出理性思考者的态度，既有储物的实用性，又简单大气，让主人满足于自己的生活。
551063,2,书架,墙体内置的书架与简洁利落的灰色开放式书架呈现出理性思考者的态度,"['简洁', '灰色']",相比之下，书房的空间更加简约，墙体内置的书架与简洁利落的灰色开放式书架呈现出理性思考者的态度，既有储物的实用性，又简单大气，让主人满足于自己的生活。
551063,2,书架,墙体内置的书架与简洁利落的灰色开放式书架呈现出理性思考者的态度,"['简洁', '灰色']",相比之下，书房的空间更加简约，墙体内置的书架与简洁利落的灰色开放式书架呈现出理性思考者的态度，既有储物的实用性，又简单大气，让主人满足于自己的生活。
551064,0,卧室,卧室简洁硬朗的白色石膏线条与轻奢质感的金属线条交相辉映,"['简洁', '硬朗', '白色']",卧室简洁硬朗的白色石膏线条与轻奢质感的金属线条交相辉映，令整个床头背景墙的欧式风愈发明显，形成视觉上的延伸感，也显得更为精致；白色与红色床品，驼色与红色拼接窗帘，都让整个空间多了喜庆吉祥的寓意。
551064,0,石膏,卧室简洁硬朗的白色石膏线条与轻奢质感的金属线条交相辉映,"['简洁', '硬朗', '白色']",卧室简洁硬朗的白色石膏线条与轻奢质感的金属线条交相辉映，令整个床头背景墙的欧式风愈发明显，形成视觉上的延伸感，也显得更为精致；白色与红色床品，驼色与红色拼接窗帘，都让整个空间多了喜庆吉祥的寓意。
551064,0,金属,卧室简洁硬朗的白色石膏线条与轻奢质感的金属线条交相辉映,"['简洁', '硬朗', '白色']",卧室简洁硬朗的白色石膏线条与轻奢质感的金属线条交相辉映，令整个床头背景墙的欧式风愈发明显，形成视觉上的延伸感，也显得更为精致；白色与红色床品，驼色与红色拼接窗帘，都让整个空间多了喜庆吉祥的寓意。
551064,1,床头,令整个床头背景墙的欧式风愈发明显,['明显'],卧室简洁硬朗的白色石膏线条与轻奢质感的金属线条交相辉映，令整个床头背景墙的欧式风愈发明显，形成视觉上的延伸感，也显得更为精致；白色与红色床品，驼色与红色拼接窗帘，都让整个空间多了喜庆吉祥的寓意。
551064,1,背景墙,令整个床头背景墙的欧式风愈发明显,['明显'],卧室简洁硬朗的白色石膏线条与轻奢质感的金属线条交相辉映，令整个床头背景墙的欧式风愈发明显，形成视觉上的延伸感，也显得更为精致；白色与红色床品，驼色与红色拼接窗帘，都让整个空间多了喜庆吉祥的寓意。
551064,4,床品,白色与红色床品,"['白色', '红色']",卧室简洁硬朗的白色石膏线条与轻奢质感的金属线条交相辉映，令整个床头背景墙的欧式风愈发明显，形成视觉上的延伸感，也显得更为精致；白色与红色床品，驼色与红色拼接窗帘，都让整个空间多了喜庆吉祥的寓意。
551064,5,窗帘,驼色与红色拼接窗帘,"['驼色', '红色']",卧室简洁硬朗的白色石膏线条与轻奢质感的金属线条交相辉映，令整个床头背景墙的欧式风愈发明显，形成视觉上的延伸感，也显得更为精致；白色与红色床品，驼色与红色拼接窗帘，都让整个空间多了喜庆吉祥的寓意。
551064,6,空间,都让整个空间多了喜庆吉祥的寓意,[],卧室简洁硬朗的白色石膏线条与轻奢质感的金属线条交相辉映，令整个床头背景墙的欧式风愈发明显，形成视觉上的延伸感，也显得更为精致；白色与红色床品，驼色与红色拼接窗帘，都让整个空间多了喜庆吉祥的寓意。
551065,0,装饰,儿童房的设计在整体风格的基础上选用了许多跳脱活泼的装饰和摆件,['活泼'],儿童房的设计在整体风格的基础上选用了许多跳脱活泼的装饰和摆件，比如挂画，靠垫，搭配红色床品令空间多了些童趣和鲜活。
551065,0,摆件,儿童房的设计在整体风格的基础上选用了许多跳脱活泼的装饰和摆件,['活泼'],儿童房的设计在整体风格的基础上选用了许多跳脱活泼的装饰和摆件，比如挂画，靠垫，搭配红色床品令空间多了些童趣和鲜活。
551065,2,靠垫,靠垫,[],儿童房的设计在整体风格的基础上选用了许多跳脱活泼的装饰和摆件，比如挂画，靠垫，搭配红色床品令空间多了些童趣和鲜活。
551065,3,床品,搭配红色床品令空间多了些童趣和鲜活,"['红色', '鲜活']",儿童房的设计在整体风格的基础上选用了许多跳脱活泼的装饰和摆件，比如挂画，靠垫，搭配红色床品令空间多了些童趣和鲜活。
551065,3,空间,搭配红色床品令空间多了些童趣和鲜活,"['红色', '鲜活']",儿童房的设计在整体风格的基础上选用了许多跳脱活泼的装饰和摆件，比如挂画，靠垫，搭配红色床品令空间多了些童趣和鲜活。
551066,0,书柜,奶灰色拱门型中空书柜内前卫的艺术摆件流露出孩子对音乐的热情和偏爱,['灰色'],奶灰色拱门型中空书柜内前卫的艺术摆件流露出孩子对音乐的热情和偏爱，黑色底色的衬托，令整个空间更有艺术感，素淡之中也显温馨。
551066,0,摆件,奶灰色拱门型中空书柜内前卫的艺术摆件流露出孩子对音乐的热情和偏爱,['灰色'],奶灰色拱门型中空书柜内前卫的艺术摆件流露出孩子对音乐的热情和偏爱，黑色底色的衬托，令整个空间更有艺术感，素淡之中也显温馨。
551066,0,孩子,奶灰色拱门型中空书柜内前卫的艺术摆件流露出孩子对音乐的热情和偏爱,['灰色'],奶灰色拱门型中空书柜内前卫的艺术摆件流露出孩子对音乐的热情和偏爱，黑色底色的衬托，令整个空间更有艺术感，素淡之中也显温馨。
551066,2,空间,令整个空间更有艺术感,[],奶灰色拱门型中空书柜内前卫的艺术摆件流露出孩子对音乐的热情和偏爱，黑色底色的衬托，令整个空间更有艺术感，素淡之中也显温馨。'
551015,1,空间,可以说是空间必备,[],玄关柜不仅可以增加家里的仪式感也能收纳出行需要的小物件，可以说是空间必备。
551016,1,屏风,屏风特有的设计美感,[],玄关处还设置了有落差的地台方便出行和家里打扫卫生，屏风特有的设计美感，兼具了隔断美化与协调的作用，一进门便能感受到生活之美。
551017,0,客厅,客厅沙发背后的拼色墙面化解了空间的单调,[],客厅沙发背后的拼色墙面化解了空间的单调，搭配收纳木架，营造一份简单之美；黄铜金属落地灯十分小巧，与圆形茶几搭配，强调空间美学。
551017,0,墙面,客厅沙发背后的拼色墙面化解了空间的单调,[],客厅沙发背后的拼色墙面化解了空间的单调，搭配收纳木架，营造一份简单之美；黄铜金属落地灯十分小巧，与圆形茶几搭配，强调空间美学。
551017,0,空间,客厅沙发背后的拼色墙面化解了空间的单调,[],客厅沙发背后的拼色墙面化解了空间的单调，搭配收纳木架，营造一份简单之美；黄铜金属落地灯十分小巧，与圆形茶几搭配，强调空间美学。
551017,3,金属,黄铜金属落地灯十分小巧,[],客厅沙发背后的拼色墙面化解了空间的单调，搭配收纳木架，营造一份简单之美；黄铜金属落地灯十分小巧，与圆形茶几搭配，强调空间美学。
551017,3,落地灯,黄铜金属落地灯十分小巧,[],客厅沙发背后的拼色墙面化解了空间的单调，搭配收纳木架，营造一份简单之美；黄铜金属落地灯十分小巧，与圆形茶几搭配，强调空间美学。
551017,4,茶几,与圆形茶几搭配,[],客厅沙发背后的拼色墙面化解了空间的单调，搭配收纳木架，营造一份简单之美；黄铜金属落地灯十分小巧，与圆形茶几搭配，强调空间美学。
551017,5,空间,强调空间美学,[],客厅沙发背后的拼色墙面化解了空间的单调，搭配收纳木架，营造一份简单之美；黄铜金属落地灯十分小巧，与圆形茶几搭配，强调空间美学。
551018,0,餐厅,客餐厅一体式的设计,[],客餐厅一体式的设计，更为通透明快，北欧家具不论从造型还是质地，都足显质感；在原木的基调上，通过灰色和白色等作为调和，凸显空间的温和。
551018,2,家具,北欧家具不论从造型还是质地,[],客餐厅一体式的设计，更为通透明快，北欧家具不论从造型还是质地，都足显质感；在原木的基调上，通过灰色和白色等作为调和，凸显空间的温和。
551018,2,质地,北欧家具不论从造型还是质地,[],客餐厅一体式的设计，更为通透明快，北欧家具不论从造型还是质地，都足显质感；在原木的基调上，通过灰色和白色等作为调和，凸显空间的温和。
551018,4,基调,在原木的基调上,[],客餐厅一体式的设计，更为通透明快，北欧家具不论从造型还是质地，都足显质感；在原木的基调上，通过灰色和白色等作为调和，凸显空间的温和。
551018,6,空间,凸显空间的温和,['温和'],客餐厅一体式的设计，更为通透明快，北欧家具不论从造型还是质地，都足显质感；在原木的基调上，通过灰色和白色等作为调和，凸显空间的温和。
551019,0,厨房,设计师释放了本就不大的厨房半开放的设计,['不大'],设计师释放了本就不大的厨房半开放的设计，增添了空间的采光，同时也为女主在餐厅烘焙看书提供空间，增强两人之间的互动与交流，同时，也增强了空间的收纳美学。
551019,1,空间,增添了空间的采光,[],设计师释放了本就不大的厨房半开放的设计，增添了空间的采光，同时也为女主在餐厅烘焙看书提供空间，增强两人之间的互动与交流，同时，也增强了空间的收纳美学。
551019,2,餐厅,同时也为女主在餐厅烘焙看书提供空间,[],设计师释放了本就不大的厨房半开放的设计，增添了空间的采光，同时也为女主在餐厅烘焙看书提供空间，增强两人之间的互动与交流，同时，也增强了空间的收纳美学。
551019,2,空间,同时也为女主在餐厅烘焙看书提供空间,[],设计师释放了本就不大的厨房半开放的设计，增添了空间的采光，同时也为女主在餐厅烘焙看书提供空间，增强两人之间的互动与交流，同时，也增强了空间的收纳美学。
551019,5,空间,也增强了空间的收纳美学,[],设计师释放了本就不大的厨房半开放的设计，增添了空间的采光，同时也为女主在餐厅烘焙看书提供空间，增强两人之间的互动与交流，同时，也增强了空间的收纳美学。
551020,0,餐厅,餐厅的地板延续客厅的人字拼设计,[],餐厅的地板延续客厅的人字拼设计，加以少许金色元素的点缀烘托空间质感的同时带来精致意味；墙面蓝白色拼接设计为空间带来雅致；玻璃吊灯和北欧家具组合，让生活十分惬意。
551020,0,地板,餐厅的地板延续客厅的人字拼设计,[],餐厅的地板延续客厅的人字拼设计，加以少许金色元素的点缀烘托空间质感的同时带来精致意味；墙面蓝白色拼接设计为空间带来雅致；玻璃吊灯和北欧家具组合，让生活十分惬意。
551020,0,客厅,餐厅的地板延续客厅的人字拼设计,[],餐厅的地板延续客厅的人字拼设计，加以少许金色元素的点缀烘托空间质感的同时带来精致意味；墙面蓝白色拼接设计为空间带来雅致；玻璃吊灯和北欧家具组合，让生活十分惬意。
551020,1,空间,加以少许金色元素的点缀烘托空间质感的同时带来精致意味,"['金色', '精致']",餐厅的地板延续客厅的人字拼设计，加以少许金色元素的点缀烘托空间质感的同时带来精致意味；墙面蓝白色拼接设计为空间带来雅致；玻璃吊灯和北欧家具组合，让生活十分惬意。
551020,2,墙面,墙面蓝白色拼接设计为空间带来雅致,['雅致'],餐厅的地板延续客厅的人字拼设计，加以少许金色元素的点缀烘托空间质感的同时带来精致意味；墙面蓝白色拼接设计为空间带来雅致；玻璃吊灯和北欧家具组合，让生活十分惬意。
551020,2,空间,墙面蓝白色拼接设计为空间带来雅致,['雅致'],餐厅的地板延续客厅的人字拼设计，加以少许金色元素的点缀烘托空间质感的同时带来精致意味；墙面蓝白色拼接设计为空间带来雅致；玻璃吊灯和北欧家具组合，让生活十分惬意。
551020,3,玻璃,玻璃吊灯和北欧家具组合,[],餐厅的地板延续客厅的人字拼设计，加以少许金色元素的点缀烘托空间质感的同时带来精致意味；墙面蓝白色拼接设计为空间带来雅致；玻璃吊灯和北欧家具组合，让生活十分惬意。
551020,3,吊灯,玻璃吊灯和北欧家具组合,[],餐厅的地板延续客厅的人字拼设计，加以少许金色元素的点缀烘托空间质感的同时带来精致意味；墙面蓝白色拼接设计为空间带来雅致；玻璃吊灯和北欧家具组合，让生活十分惬意。
551020,3,家具,玻璃吊灯和北欧家具组合,[],餐厅的地板延续客厅的人字拼设计，加以少许金色元素的点缀烘托空间质感的同时带来精致意味；墙面蓝白色拼接设计为空间带来雅致；玻璃吊灯和北欧家具组合，让生活十分惬意。
551021,0,厨房,厨房灰白色搭配简约时尚金色拉手,"['灰白色', '金色']","厨房灰白色搭配简约时尚金色拉手，突出精致感；白色墙砖与台面与橱柜以色彩反差强调美学，让主人在烹饪之外，也可以感受到美。
"
551021,2,墙砖,白色墙砖与台面与橱柜以色彩反差强调美学,['白色'],"厨房灰白色搭配简约时尚金色拉手，突出精致感；白色墙砖与台面与橱柜以色彩反差强调美学，让主人在烹饪之外，也可以感受到美。
"
551021,2,台面,白色墙砖与台面与橱柜以色彩反差强调美学,['白色'],"厨房灰白色搭配简约时尚金色拉手，突出精致感；白色墙砖与台面与橱柜以色彩反差强调美学，让主人在烹饪之外，也可以感受到美。
"
551021,2,橱柜,白色墙砖与台面与橱柜以色彩反差强调美学,['白色'],"厨房灰白色搭配简约时尚金色拉手，突出精致感；白色墙砖与台面与橱柜以色彩反差强调美学，让主人在烹饪之外，也可以感受到美。
"
551022,0,卧室,卧室的线条十分简单,['简单'],卧室的线条十分简单，可以说以功能为主，背景墙以烟粉勾勒一抹浪漫韵味与纯白色拼接整体轻盈而优雅，北欧木纸床头柜的温质，营造一种温馨，与摆饰和灯饰，造就空间美学。
551022,2,背景墙,背景墙以烟粉勾勒一抹浪漫韵味与纯白色拼接整体轻盈而优雅,"['浪漫', '优雅']",卧室的线条十分简单，可以说以功能为主，背景墙以烟粉勾勒一抹浪漫韵味与纯白色拼接整体轻盈而优雅，北欧木纸床头柜的温质，营造一种温馨，与摆饰和灯饰，造就空间美学。
551022,3,床头柜,北欧木纸床头柜的温质,[],卧室的线条十分简单，可以说以功能为主，背景墙以烟粉勾勒一抹浪漫韵味与纯白色拼接整体轻盈而优雅，北欧木纸床头柜的温质，营造一种温馨，与摆饰和灯饰，造就空间美学。
551022,5,灯饰,与摆饰和灯饰,[],卧室的线条十分简单，可以说以功能为主，背景墙以烟粉勾勒一抹浪漫韵味与纯白色拼接整体轻盈而优雅，北欧木纸床头柜的温质，营造一种温馨，与摆饰和灯饰，造就空间美学。
551022,6,空间,造就空间美学,[],卧室的线条十分简单，可以说以功能为主，背景墙以烟粉勾勒一抹浪漫韵味与纯白色拼接整体轻盈而优雅，北欧木纸床头柜的温质，营造一种温馨，与摆饰和灯饰，造就空间美学。
551023,0,衣帽间,步入式衣帽间以原木地板铺设出人字形,[],步入式衣帽间以原木地板铺设出人字形，与白色衣柜、灰色窗帘搭配出沉静，灯光融入温馨的味道，增加了衣帽间的颜值，也格外实用。
551023,0,木地板,步入式衣帽间以原木地板铺设出人字形,[],步入式衣帽间以原木地板铺设出人字形，与白色衣柜、灰色窗帘搭配出沉静，灯光融入温馨的味道，增加了衣帽间的颜值，也格外实用。
551023,1,衣柜,与白色衣柜、灰色窗帘搭配出沉静,"['白色', '灰色', '沉静']",步入式衣帽间以原木地板铺设出人字形，与白色衣柜、灰色窗帘搭配出沉静，灯光融入温馨的味道，增加了衣帽间的颜值，也格外实用。
551023,1,窗帘,与白色衣柜、灰色窗帘搭配出沉静,"['白色', '灰色', '沉静']",步入式衣帽间以原木地板铺设出人字形，与白色衣柜、灰色窗帘搭配出沉静，灯光融入温馨的味道，增加了衣帽间的颜值，也格外实用。
551023,2,灯光,灯光融入温馨的味道,[],步入式衣帽间以原木地板铺设出人字形，与白色衣柜、灰色窗帘搭配出沉静，灯光融入温馨的味道，增加了衣帽间的颜值，也格外实用。
551023,3,衣帽间,增加了衣帽间的颜值,[],步入式衣帽间以原木地板铺设出人字形，与白色衣柜、灰色窗帘搭配出沉静，灯光融入温馨的味道，增加了衣帽间的颜值，也格外实用。
551024,0,书房,书房的大白墙搭配白色纱帘,['白色'],书房的大白墙搭配白色纱帘，十分安静，黑色复古的折叠门给书房添置了一份老上海的韵味，布置简单的书房，因为胡桃木书桌和绿植，就满是趣味。
551024,0,墙,书房的大白墙搭配白色纱帘,['白色'],书房的大白墙搭配白色纱帘，十分安静，黑色复古的折叠门给书房添置了一份老上海的韵味，布置简单的书房，因为胡桃木书桌和绿植，就满是趣味。
551024,2,书房,黑色复古的折叠门给书房添置了一份老上海的韵味,"['黑色', '老']",书房的大白墙搭配白色纱帘，十分安静，黑色复古的折叠门给书房添置了一份老上海的韵味，布置简单的书房，因为胡桃木书桌和绿植，就满是趣味。
551024,3,书房,布置简单的书房,['简单'],书房的大白墙搭配白色纱帘，十分安静，黑色复古的折叠门给书房添置了一份老上海的韵味，布置简单的书房，因为胡桃木书桌和绿植，就满是趣味。
551024,4,书桌,因为胡桃木书桌和绿植,['绿'],书房的大白墙搭配白色纱帘，十分安静，黑色复古的折叠门给书房添置了一份老上海的韵味，布置简单的书房，因为胡桃木书桌和绿植，就满是趣味。
551049,0,卫生间,设计师为了保证卫生间的干燥,[],设计师为了保证卫生间的干燥，设计成干湿分区，虽然小空间略显紧凑，但是，凸显这个小空间的层次感，每个功能区也做到互通、实用，在增强空间感的同时，满足日常使用。
551049,2,空间,虽然小空间略显紧凑,"['小', '紧凑']",设计师为了保证卫生间的干燥，设计成干湿分区，虽然小空间略显紧凑，但是，凸显这个小空间的层次感，每个功能区也做到互通、实用，在增强空间感的同时，满足日常使用。
551049,4,空间,凸显这个小空间的层次感,['小'],设计师为了保证卫生间的干燥，设计成干湿分区，虽然小空间略显紧凑，但是，凸显这个小空间的层次感，每个功能区也做到互通、实用，在增强空间感的同时，满足日常使用。
551049,5,功能区,每个功能区也做到互通、实用,[],设计师为了保证卫生间的干燥，设计成干湿分区，虽然小空间略显紧凑，但是，凸显这个小空间的层次感，每个功能区也做到互通、实用，在增强空间感的同时，满足日常使用。
551026,0,门厅,门厅原本的墙体被敲掉,[],门厅原本的墙体被敲掉，以玻璃做隔断，搭配鱼鳞纹灰色鞋柜，增加了空间的时尚感，同时也解决了原本入户采光不足的问题，令空间更为精致。
551026,0,墙体,门厅原本的墙体被敲掉,[],门厅原本的墙体被敲掉，以玻璃做隔断，搭配鱼鳞纹灰色鞋柜，增加了空间的时尚感，同时也解决了原本入户采光不足的问题，令空间更为精致。
551026,1,玻璃,以玻璃做隔断,[],门厅原本的墙体被敲掉，以玻璃做隔断，搭配鱼鳞纹灰色鞋柜，增加了空间的时尚感，同时也解决了原本入户采光不足的问题，令空间更为精致。
551026,2,鞋柜,搭配鱼鳞纹灰色鞋柜,['灰色'],门厅原本的墙体被敲掉，以玻璃做隔断，搭配鱼鳞纹灰色鞋柜，增加了空间的时尚感，同时也解决了原本入户采光不足的问题，令空间更为精致。
551026,3,空间,增加了空间的时尚感,[],门厅原本的墙体被敲掉，以玻璃做隔断，搭配鱼鳞纹灰色鞋柜，增加了空间的时尚感，同时也解决了原本入户采光不足的问题，令空间更为精致。
551026,5,空间,令空间更为精致,['精致'],门厅原本的墙体被敲掉，以玻璃做隔断，搭配鱼鳞纹灰色鞋柜，增加了空间的时尚感，同时也解决了原本入户采光不足的问题，令空间更为精致。
551027,0,地砖,进门的右侧放一组臧蓝色玄关柜和脚凳与灰白天然纹地砖在色彩反差之中,['蓝色'],进门的右侧放一组臧蓝色玄关柜和脚凳与灰白天然纹地砖在色彩反差之中，营造蓝白雅静，绿植点缀其间，多了一份自然的清爽。
551028,0,客厅,客厅为了提升空间的亮度,[],客厅为了提升空间的亮度，地面通铺哑光的爵士白地砖，清爽的白墙加上简单的石膏线条，呈现美式ins格调；祖母绿的窗帘与扶手椅搭配棕黄色的皮质沙发，在圆形茶几的调和中尽显轻奢和时尚。
551028,0,空间,客厅为了提升空间的亮度,[],客厅为了提升空间的亮度，地面通铺哑光的爵士白地砖，清爽的白墙加上简单的石膏线条，呈现美式ins格调；祖母绿的窗帘与扶手椅搭配棕黄色的皮质沙发，在圆形茶几的调和中尽显轻奢和时尚。
551028,1,地面,地面通铺哑光的爵士白地砖,['白'],客厅为了提升空间的亮度，地面通铺哑光的爵士白地砖，清爽的白墙加上简单的石膏线条，呈现美式ins格调；祖母绿的窗帘与扶手椅搭配棕黄色的皮质沙发，在圆形茶几的调和中尽显轻奢和时尚。
551028,1,地砖,地面通铺哑光的爵士白地砖,['白'],客厅为了提升空间的亮度，地面通铺哑光的爵士白地砖，清爽的白墙加上简单的石膏线条，呈现美式ins格调；祖母绿的窗帘与扶手椅搭配棕黄色的皮质沙发，在圆形茶几的调和中尽显轻奢和时尚。
551028,2,石膏,清爽的白墙加上简单的石膏线条,"['清爽', '简单']",客厅为了提升空间的亮度，地面通铺哑光的爵士白地砖，清爽的白墙加上简单的石膏线条，呈现美式ins格调；祖母绿的窗帘与扶手椅搭配棕黄色的皮质沙发，在圆形茶几的调和中尽显轻奢和时尚。
551028,4,窗帘,祖母绿的窗帘与扶手椅搭配棕黄色的皮质沙发,[],客厅为了提升空间的亮度，地面通铺哑光的爵士白地砖，清爽的白墙加上简单的石膏线条，呈现美式ins格调；祖母绿的窗帘与扶手椅搭配棕黄色的皮质沙发，在圆形茶几的调和中尽显轻奢和时尚。
551028,4,扶手椅,祖母绿的窗帘与扶手椅搭配棕黄色的皮质沙发,[],客厅为了提升空间的亮度，地面通铺哑光的爵士白地砖，清爽的白墙加上简单的石膏线条，呈现美式ins格调；祖母绿的窗帘与扶手椅搭配棕黄色的皮质沙发，在圆形茶几的调和中尽显轻奢和时尚。
551028,5,茶几,在圆形茶几的调和中尽显轻奢和时尚,['轻奢'],客厅为了提升空间的亮度，地面通铺哑光的爵士白地砖，清爽的白墙加上简单的石膏线条，呈现美式ins格调；祖母绿的窗帘与扶手椅搭配棕黄色的皮质沙发，在圆形茶几的调和中尽显轻奢和时尚。
551029,0,客厅,客厅中定制得电视柜增加了收纳美学,[],客厅中定制得电视柜增加了收纳美学，浅灰色柜体哑光质感显露出一丝高雅温馨的意外之喜；而门厅藏蓝色的储物柜与之形成对比，却表达实用哲学，令生活更有章法。
551029,0,电视柜,客厅中定制得电视柜增加了收纳美学,[],客厅中定制得电视柜增加了收纳美学，浅灰色柜体哑光质感显露出一丝高雅温馨的意外之喜；而门厅藏蓝色的储物柜与之形成对比，却表达实用哲学，令生活更有章法。
551029,1,柜体,浅灰色柜体哑光质感显露出一丝高雅温馨的意外之喜,"['浅', '灰色']",客厅中定制得电视柜增加了收纳美学，浅灰色柜体哑光质感显露出一丝高雅温馨的意外之喜；而门厅藏蓝色的储物柜与之形成对比，却表达实用哲学，令生活更有章法。
551029,2,门厅,而门厅藏蓝色的储物柜与之形成对比,['藏蓝色'],客厅中定制得电视柜增加了收纳美学，浅灰色柜体哑光质感显露出一丝高雅温馨的意外之喜；而门厅藏蓝色的储物柜与之形成对比，却表达实用哲学，令生活更有章法。
551029,2,储物柜,而门厅藏蓝色的储物柜与之形成对比,['藏蓝色'],客厅中定制得电视柜增加了收纳美学，浅灰色柜体哑光质感显露出一丝高雅温馨的意外之喜；而门厅藏蓝色的储物柜与之形成对比，却表达实用哲学，令生活更有章法。
551030,1,玻璃门,上层的玻璃门柜里加上内置射灯提升了空间的气质,[],从原本的次卧中借一点空间设计入墙式餐边柜，上层的玻璃门柜里加上内置射灯提升了空间的气质；胡桃木餐桌上的花器、餐盘让生活升温，也化解了原本冷冽的空间氛围，与墙面的挂画，营造浓郁的都市之家。
551030,1,射灯,上层的玻璃门柜里加上内置射灯提升了空间的气质,[],从原本的次卧中借一点空间设计入墙式餐边柜，上层的玻璃门柜里加上内置射灯提升了空间的气质；胡桃木餐桌上的花器、餐盘让生活升温，也化解了原本冷冽的空间氛围，与墙面的挂画，营造浓郁的都市之家。
551030,1,空间,上层的玻璃门柜里加上内置射灯提升了空间的气质,[],从原本的次卧中借一点空间设计入墙式餐边柜，上层的玻璃门柜里加上内置射灯提升了空间的气质；胡桃木餐桌上的花器、餐盘让生活升温，也化解了原本冷冽的空间氛围，与墙面的挂画，营造浓郁的都市之家。
551030,2,花器,胡桃木餐桌上的花器、餐盘让生活升温,[],从原本的次卧中借一点空间设计入墙式餐边柜，上层的玻璃门柜里加上内置射灯提升了空间的气质；胡桃木餐桌上的花器、餐盘让生活升温，也化解了原本冷冽的空间氛围，与墙面的挂画，营造浓郁的都市之家。
551030,3,空间,也化解了原本冷冽的空间氛围,['冷冽'],从原本的次卧中借一点空间设计入墙式餐边柜，上层的玻璃门柜里加上内置射灯提升了空间的气质；胡桃木餐桌上的花器、餐盘让生活升温，也化解了原本冷冽的空间氛围，与墙面的挂画，营造浓郁的都市之家。
551030,4,墙面,与墙面的挂画,[],从原本的次卧中借一点空间设计入墙式餐边柜，上层的玻璃门柜里加上内置射灯提升了空间的气质；胡桃木餐桌上的花器、餐盘让生活升温，也化解了原本冷冽的空间氛围，与墙面的挂画，营造浓郁的都市之家。
551031,0,厨房,厨房的立面铺成人字拼的小白砖,[],厨房的立面铺成人字拼的小白砖，与墙面的米色砖石以强烈的反差构筑几何美学；青灰色的橱柜少了暗沉，反而与整个空间十分契合，收纳之中构筑大气。
551031,1,墙面,与墙面的米色砖石以强烈的反差构筑几何美学,"['米色', '强烈']",厨房的立面铺成人字拼的小白砖，与墙面的米色砖石以强烈的反差构筑几何美学；青灰色的橱柜少了暗沉，反而与整个空间十分契合，收纳之中构筑大气。
551031,1,砖石,与墙面的米色砖石以强烈的反差构筑几何美学,"['米色', '强烈']",厨房的立面铺成人字拼的小白砖，与墙面的米色砖石以强烈的反差构筑几何美学；青灰色的橱柜少了暗沉，反而与整个空间十分契合，收纳之中构筑大气。
551031,2,橱柜,青灰色的橱柜少了暗沉,['少'],厨房的立面铺成人字拼的小白砖，与墙面的米色砖石以强烈的反差构筑几何美学；青灰色的橱柜少了暗沉，反而与整个空间十分契合，收纳之中构筑大气。
551031,3,空间,反而与整个空间十分契合,[],厨房的立面铺成人字拼的小白砖，与墙面的米色砖石以强烈的反差构筑几何美学；青灰色的橱柜少了暗沉，反而与整个空间十分契合，收纳之中构筑大气。
551032,0,主卧,主卧选择暗蓝色为主题色,[],主卧选择暗蓝色为主题色，搭配浅灰色的衣柜，在冷色之中构建一个舒适的氛围；芝华士的休闲沙发与软软的大皮床搭配得十分融洽，再加上深灰色窗帘与白色纱幔镌刻着一份稳重，调和出温情。
551032,0,主题,主卧选择暗蓝色为主题色,[],主卧选择暗蓝色为主题色，搭配浅灰色的衣柜，在冷色之中构建一个舒适的氛围；芝华士的休闲沙发与软软的大皮床搭配得十分融洽，再加上深灰色窗帘与白色纱幔镌刻着一份稳重，调和出温情。
551032,1,衣柜,搭配浅灰色的衣柜,"['浅', '灰色']",主卧选择暗蓝色为主题色，搭配浅灰色的衣柜，在冷色之中构建一个舒适的氛围；芝华士的休闲沙发与软软的大皮床搭配得十分融洽，再加上深灰色窗帘与白色纱幔镌刻着一份稳重，调和出温情。
551032,3,床,芝华士的休闲沙发与软软的大皮床搭配得十分融洽,[],主卧选择暗蓝色为主题色，搭配浅灰色的衣柜，在冷色之中构建一个舒适的氛围；芝华士的休闲沙发与软软的大皮床搭配得十分融洽，再加上深灰色窗帘与白色纱幔镌刻着一份稳重，调和出温情。
551032,4,窗帘,再加上深灰色窗帘与白色纱幔镌刻着一份稳重,"['深灰色', '白色', '稳重']",主卧选择暗蓝色为主题色，搭配浅灰色的衣柜，在冷色之中构建一个舒适的氛围；芝华士的休闲沙发与软软的大皮床搭配得十分融洽，再加上深灰色窗帘与白色纱幔镌刻着一份稳重，调和出温情。
551032,4,纱幔,再加上深灰色窗帘与白色纱幔镌刻着一份稳重,"['深灰色', '白色', '稳重']",主卧选择暗蓝色为主题色，搭配浅灰色的衣柜，在冷色之中构建一个舒适的氛围；芝华士的休闲沙发与软软的大皮床搭配得十分融洽，再加上深灰色窗帘与白色纱幔镌刻着一份稳重，调和出温情。
551033,0,墙面,儿童房少女粉的墙面搭配老房子带来的家具,[],"儿童房少女粉的墙面搭配老房子带来的家具，胡桃夹子卫兵造型的壁灯，守护着小公主夜夜好梦，甜美之中多了温馨。
"
551033,0,老房子,儿童房少女粉的墙面搭配老房子带来的家具,[],"儿童房少女粉的墙面搭配老房子带来的家具，胡桃夹子卫兵造型的壁灯，守护着小公主夜夜好梦，甜美之中多了温馨。
"
551033,0,家具,儿童房少女粉的墙面搭配老房子带来的家具,[],"儿童房少女粉的墙面搭配老房子带来的家具，胡桃夹子卫兵造型的壁灯，守护着小公主夜夜好梦，甜美之中多了温馨。
"
551033,1,壁灯,胡桃夹子卫兵造型的壁灯,[],"儿童房少女粉的墙面搭配老房子带来的家具，胡桃夹子卫兵造型的壁灯，守护着小公主夜夜好梦，甜美之中多了温馨。
"
551033,2,公主,守护着小公主夜夜好梦,"['小', '好']","儿童房少女粉的墙面搭配老房子带来的家具，胡桃夹子卫兵造型的壁灯，守护着小公主夜夜好梦，甜美之中多了温馨。
"
551034,2,台面,与白色台面形成蓝白和谐,"['白色', '和谐']",主卫台盆柜门依然沿用深蓝色配以金属色的把手，多了份精致，与白色台面形成蓝白和谐，对比之中突出现代质感；脏粉色跟灰色异型砖混搭出一丝异域风情，圆拱形镜子添置一份造型美学。
551034,4,异域,脏粉色跟灰色异型砖混搭出一丝异域风情,"['粉色', '灰色']",主卫台盆柜门依然沿用深蓝色配以金属色的把手，多了份精致，与白色台面形成蓝白和谐，对比之中突出现代质感；脏粉色跟灰色异型砖混搭出一丝异域风情，圆拱形镜子添置一份造型美学。
551034,4,风情,脏粉色跟灰色异型砖混搭出一丝异域风情,"['粉色', '灰色']",主卫台盆柜门依然沿用深蓝色配以金属色的把手，多了份精致，与白色台面形成蓝白和谐，对比之中突出现代质感；脏粉色跟灰色异型砖混搭出一丝异域风情，圆拱形镜子添置一份造型美学。
551034,5,拱形,圆拱形镜子添置一份造型美学,[],主卫台盆柜门依然沿用深蓝色配以金属色的把手，多了份精致，与白色台面形成蓝白和谐，对比之中突出现代质感；脏粉色跟灰色异型砖混搭出一丝异域风情，圆拱形镜子添置一份造型美学。
551034,5,镜子,圆拱形镜子添置一份造型美学,[],主卫台盆柜门依然沿用深蓝色配以金属色的把手，多了份精致，与白色台面形成蓝白和谐，对比之中突出现代质感；脏粉色跟灰色异型砖混搭出一丝异域风情，圆拱形镜子添置一份造型美学。
551035,0,客厅,客厅取消了常规的沙发对电视的布置,[],客厅取消了常规的沙发对电视的布置，采取会客式的布置，两张沙发对向摆放，两侧背景墙分别是电视墙与壁炉造型，使得生活空间更加优雅舒适。
551035,0,电视,客厅取消了常规的沙发对电视的布置,[],客厅取消了常规的沙发对电视的布置，采取会客式的布置，两张沙发对向摆放，两侧背景墙分别是电视墙与壁炉造型，使得生活空间更加优雅舒适。
551035,3,背景墙,两侧背景墙分别是电视墙与壁炉造型,[],客厅取消了常规的沙发对电视的布置，采取会客式的布置，两张沙发对向摆放，两侧背景墙分别是电视墙与壁炉造型，使得生活空间更加优雅舒适。
551035,3,电视墙,两侧背景墙分别是电视墙与壁炉造型,[],客厅取消了常规的沙发对电视的布置，采取会客式的布置，两张沙发对向摆放，两侧背景墙分别是电视墙与壁炉造型，使得生活空间更加优雅舒适。
551035,3,壁炉,两侧背景墙分别是电视墙与壁炉造型,[],客厅取消了常规的沙发对电视的布置，采取会客式的布置，两张沙发对向摆放，两侧背景墙分别是电视墙与壁炉造型，使得生活空间更加优雅舒适。
551036,0,客厅,客厅电视墙在边框造型基础,[],客厅电视墙在边框造型基础，两侧边框造型加入隐形门，中间布置电视柜与装饰画，整体格调优雅端庄而华丽。
551036,0,电视墙,客厅电视墙在边框造型基础,[],客厅电视墙在边框造型基础，两侧边框造型加入隐形门，中间布置电视柜与装饰画，整体格调优雅端庄而华丽。
551036,0,边框,客厅电视墙在边框造型基础,[],客厅电视墙在边框造型基础，两侧边框造型加入隐形门，中间布置电视柜与装饰画，整体格调优雅端庄而华丽。
551036,1,边框,两侧边框造型加入隐形门,[],客厅电视墙在边框造型基础，两侧边框造型加入隐形门，中间布置电视柜与装饰画，整体格调优雅端庄而华丽。
551036,1,门,两侧边框造型加入隐形门,[],客厅电视墙在边框造型基础，两侧边框造型加入隐形门，中间布置电视柜与装饰画，整体格调优雅端庄而华丽。
551036,2,电视柜,中间布置电视柜与装饰画,[],客厅电视墙在边框造型基础，两侧边框造型加入隐形门，中间布置电视柜与装饰画，整体格调优雅端庄而华丽。
551037,0,电视墙,电视墙对面那面墙,[],电视墙对面那面墙，是边框造型的墙面，中间加入一个壁炉，在欧美范的空间，布置轻奢精致的家具软装，营造出高级端庄的气质空间感。
551037,1,边框,是边框造型的墙面,[],电视墙对面那面墙，是边框造型的墙面，中间加入一个壁炉，在欧美范的空间，布置轻奢精致的家具软装，营造出高级端庄的气质空间感。
551037,1,墙面,是边框造型的墙面,[],电视墙对面那面墙，是边框造型的墙面，中间加入一个壁炉，在欧美范的空间，布置轻奢精致的家具软装，营造出高级端庄的气质空间感。
551037,2,壁炉,中间加入一个壁炉,[],电视墙对面那面墙，是边框造型的墙面，中间加入一个壁炉，在欧美范的空间，布置轻奢精致的家具软装，营造出高级端庄的气质空间感。
551037,3,空间,在欧美范的空间,[],电视墙对面那面墙，是边框造型的墙面，中间加入一个壁炉，在欧美范的空间，布置轻奢精致的家具软装，营造出高级端庄的气质空间感。
551037,4,家具,布置轻奢精致的家具软装,['精致'],电视墙对面那面墙，是边框造型的墙面，中间加入一个壁炉，在欧美范的空间，布置轻奢精致的家具软装，营造出高级端庄的气质空间感。
551038,0,布艺,黑色皮沙发、复古旧橙色沙发椅、还有灰色布艺鼓凳,"['黑色', '旧', '橙色', '灰色']",黑色皮沙发、复古旧橙色沙发椅、还有灰色布艺鼓凳，以上家具都是以2张对称的布置，在宽松的客厅里，布置出别致对称的大气。
551038,1,家具,以上家具都是以2张对称的布置,[],黑色皮沙发、复古旧橙色沙发椅、还有灰色布艺鼓凳，以上家具都是以2张对称的布置，在宽松的客厅里，布置出别致对称的大气。
551038,2,客厅,在宽松的客厅里,[],黑色皮沙发、复古旧橙色沙发椅、还有灰色布艺鼓凳，以上家具都是以2张对称的布置，在宽松的客厅里，布置出别致对称的大气。
551039,0,餐厅,餐厅在中间位置摆上多人位的长餐桌,[],餐厅在中间位置摆上多人位的长餐桌，两侧分别是端景台与收纳柜，在艺术与实用之间，布置出一个精致优雅的用餐空间。
551039,0,餐桌,餐厅在中间位置摆上多人位的长餐桌,[],餐厅在中间位置摆上多人位的长餐桌，两侧分别是端景台与收纳柜，在艺术与实用之间，布置出一个精致优雅的用餐空间。
551039,3,空间,布置出一个精致优雅的用餐空间,"['精致', '优雅']",餐厅在中间位置摆上多人位的长餐桌，两侧分别是端景台与收纳柜，在艺术与实用之间，布置出一个精致优雅的用餐空间。
551040,0,石材,石材台面的餐桌,[],石材台面的餐桌，搭配灰色皮质的餐椅，上给餐桌上方的金属架+水景吊灯，也让用餐空间显得更加精致华丽而档次。
551040,0,台面,石材台面的餐桌,[],石材台面的餐桌，搭配灰色皮质的餐椅，上给餐桌上方的金属架+水景吊灯，也让用餐空间显得更加精致华丽而档次。
551040,0,餐桌,石材台面的餐桌,[],石材台面的餐桌，搭配灰色皮质的餐椅，上给餐桌上方的金属架+水景吊灯，也让用餐空间显得更加精致华丽而档次。
551040,1,餐椅,搭配灰色皮质的餐椅,['灰色'],石材台面的餐桌，搭配灰色皮质的餐椅，上给餐桌上方的金属架+水景吊灯，也让用餐空间显得更加精致华丽而档次。
551040,2,餐桌,上给餐桌上方的金属架+水景吊灯,[],石材台面的餐桌，搭配灰色皮质的餐椅，上给餐桌上方的金属架+水景吊灯，也让用餐空间显得更加精致华丽而档次。
551040,2,金属,上给餐桌上方的金属架+水景吊灯,[],石材台面的餐桌，搭配灰色皮质的餐椅，上给餐桌上方的金属架+水景吊灯，也让用餐空间显得更加精致华丽而档次。
551040,2,吊灯,上给餐桌上方的金属架+水景吊灯,[],石材台面的餐桌，搭配灰色皮质的餐椅，上给餐桌上方的金属架+水景吊灯，也让用餐空间显得更加精致华丽而档次。
551040,3,空间,也让用餐空间显得更加精致华丽而档次,['精致'],石材台面的餐桌，搭配灰色皮质的餐椅，上给餐桌上方的金属架+水景吊灯，也让用餐空间显得更加精致华丽而档次。
551041,0,厨房,厨房区域以长虹玻璃推拉门隔了出来,[],厨房区域以长虹玻璃推拉门隔了出来，里面西厨式的设计布置，在简约灰白配的色调设计下，营造出一种现代舒适而时尚的烹饪环境。
551041,0,玻璃,厨房区域以长虹玻璃推拉门隔了出来,[],厨房区域以长虹玻璃推拉门隔了出来，里面西厨式的设计布置，在简约灰白配的色调设计下，营造出一种现代舒适而时尚的烹饪环境。
551000,0,客厅,客厅开放式的设计更显空间感,[],客厅开放式的设计更显空间感，整个客厅无主灯的设计也十分简洁，造型各异的台灯给空间增添艺术感；客厅的中性儒雅与餐厅的黑色庄重碰撞出生活的精奢，餐厅黑色的橱柜与整个墙面做成一个水平面十分平整，中式写意画渲染出文艺感，与客厅对比之中，尽显大气。
551000,1,客厅,整个客厅无主灯的设计也十分简洁,['简洁'],客厅开放式的设计更显空间感，整个客厅无主灯的设计也十分简洁，造型各异的台灯给空间增添艺术感；客厅的中性儒雅与餐厅的黑色庄重碰撞出生活的精奢，餐厅黑色的橱柜与整个墙面做成一个水平面十分平整，中式写意画渲染出文艺感，与客厅对比之中，尽显大气。
551000,2,台灯,造型各异的台灯给空间增添艺术感,[],客厅开放式的设计更显空间感，整个客厅无主灯的设计也十分简洁，造型各异的台灯给空间增添艺术感；客厅的中性儒雅与餐厅的黑色庄重碰撞出生活的精奢，餐厅黑色的橱柜与整个墙面做成一个水平面十分平整，中式写意画渲染出文艺感，与客厅对比之中，尽显大气。
551000,2,空间,造型各异的台灯给空间增添艺术感,[],客厅开放式的设计更显空间感，整个客厅无主灯的设计也十分简洁，造型各异的台灯给空间增添艺术感；客厅的中性儒雅与餐厅的黑色庄重碰撞出生活的精奢，餐厅黑色的橱柜与整个墙面做成一个水平面十分平整，中式写意画渲染出文艺感，与客厅对比之中，尽显大气。
551000,3,客厅,客厅的中性儒雅与餐厅的黑色庄重碰撞出生活的精奢,"['黑色', '庄重']",客厅开放式的设计更显空间感，整个客厅无主灯的设计也十分简洁，造型各异的台灯给空间增添艺术感；客厅的中性儒雅与餐厅的黑色庄重碰撞出生活的精奢，餐厅黑色的橱柜与整个墙面做成一个水平面十分平整，中式写意画渲染出文艺感，与客厅对比之中，尽显大气。
551000,3,餐厅,客厅的中性儒雅与餐厅的黑色庄重碰撞出生活的精奢,"['黑色', '庄重']",客厅开放式的设计更显空间感，整个客厅无主灯的设计也十分简洁，造型各异的台灯给空间增添艺术感；客厅的中性儒雅与餐厅的黑色庄重碰撞出生活的精奢，餐厅黑色的橱柜与整个墙面做成一个水平面十分平整，中式写意画渲染出文艺感，与客厅对比之中，尽显大气。
551000,4,餐厅,餐厅黑色的橱柜与整个墙面做成一个水平面十分平整,"['黑色', '平整']",客厅开放式的设计更显空间感，整个客厅无主灯的设计也十分简洁，造型各异的台灯给空间增添艺术感；客厅的中性儒雅与餐厅的黑色庄重碰撞出生活的精奢，餐厅黑色的橱柜与整个墙面做成一个水平面十分平整，中式写意画渲染出文艺感，与客厅对比之中，尽显大气。
551000,4,橱柜,餐厅黑色的橱柜与整个墙面做成一个水平面十分平整,"['黑色', '平整']",客厅开放式的设计更显空间感，整个客厅无主灯的设计也十分简洁，造型各异的台灯给空间增添艺术感；客厅的中性儒雅与餐厅的黑色庄重碰撞出生活的精奢，餐厅黑色的橱柜与整个墙面做成一个水平面十分平整，中式写意画渲染出文艺感，与客厅对比之中，尽显大气。
551000,4,墙面,餐厅黑色的橱柜与整个墙面做成一个水平面十分平整,"['黑色', '平整']",客厅开放式的设计更显空间感，整个客厅无主灯的设计也十分简洁，造型各异的台灯给空间增添艺术感；客厅的中性儒雅与餐厅的黑色庄重碰撞出生活的精奢，餐厅黑色的橱柜与整个墙面做成一个水平面十分平整，中式写意画渲染出文艺感，与客厅对比之中，尽显大气。
551000,6,客厅,与客厅对比之中,[],客厅开放式的设计更显空间感，整个客厅无主灯的设计也十分简洁，造型各异的台灯给空间增添艺术感；客厅的中性儒雅与餐厅的黑色庄重碰撞出生活的精奢，餐厅黑色的橱柜与整个墙面做成一个水平面十分平整，中式写意画渲染出文艺感，与客厅对比之中，尽显大气。
551001,0,餐桌,餐桌连贯着客厅空间,[],"餐桌连贯着客厅空间，餐厅背景墙一幅圆形的挂画，与餐桌上方一排气球状的玻璃灯泡形成呼应，也使得用餐空间更加温情华丽而高级精致；石材餐桌+实木架的布艺餐椅搭配得十分和谐，桌上也摆设了中式风的餐具，再加上一束红色花卉与桌巾呼应，
营造了一种温馨与喜庆。"
551001,0,客厅,餐桌连贯着客厅空间,[],"餐桌连贯着客厅空间，餐厅背景墙一幅圆形的挂画，与餐桌上方一排气球状的玻璃灯泡形成呼应，也使得用餐空间更加温情华丽而高级精致；石材餐桌+实木架的布艺餐椅搭配得十分和谐，桌上也摆设了中式风的餐具，再加上一束红色花卉与桌巾呼应，
营造了一种温馨与喜庆。"
551001,0,空间,餐桌连贯着客厅空间,[],"餐桌连贯着客厅空间，餐厅背景墙一幅圆形的挂画，与餐桌上方一排气球状的玻璃灯泡形成呼应，也使得用餐空间更加温情华丽而高级精致；石材餐桌+实木架的布艺餐椅搭配得十分和谐，桌上也摆设了中式风的餐具，再加上一束红色花卉与桌巾呼应，
营造了一种温馨与喜庆。"
551001,1,餐厅,餐厅背景墙一幅圆形的挂画,[],"餐桌连贯着客厅空间，餐厅背景墙一幅圆形的挂画，与餐桌上方一排气球状的玻璃灯泡形成呼应，也使得用餐空间更加温情华丽而高级精致；石材餐桌+实木架的布艺餐椅搭配得十分和谐，桌上也摆设了中式风的餐具，再加上一束红色花卉与桌巾呼应，
营造了一种温馨与喜庆。"
551001,1,背景墙,餐厅背景墙一幅圆形的挂画,[],"餐桌连贯着客厅空间，餐厅背景墙一幅圆形的挂画，与餐桌上方一排气球状的玻璃灯泡形成呼应，也使得用餐空间更加温情华丽而高级精致；石材餐桌+实木架的布艺餐椅搭配得十分和谐，桌上也摆设了中式风的餐具，再加上一束红色花卉与桌巾呼应，
营造了一种温馨与喜庆。"
551001,2,餐桌,与餐桌上方一排气球状的玻璃灯泡形成呼应,[],"餐桌连贯着客厅空间，餐厅背景墙一幅圆形的挂画，与餐桌上方一排气球状的玻璃灯泡形成呼应，也使得用餐空间更加温情华丽而高级精致；石材餐桌+实木架的布艺餐椅搭配得十分和谐，桌上也摆设了中式风的餐具，再加上一束红色花卉与桌巾呼应，
营造了一种温馨与喜庆。"
551001,2,玻璃,与餐桌上方一排气球状的玻璃灯泡形成呼应,[],"餐桌连贯着客厅空间，餐厅背景墙一幅圆形的挂画，与餐桌上方一排气球状的玻璃灯泡形成呼应，也使得用餐空间更加温情华丽而高级精致；石材餐桌+实木架的布艺餐椅搭配得十分和谐，桌上也摆设了中式风的餐具，再加上一束红色花卉与桌巾呼应，
营造了一种温馨与喜庆。"
551001,3,空间,也使得用餐空间更加温情华丽而高级精致,['精致'],"餐桌连贯着客厅空间，餐厅背景墙一幅圆形的挂画，与餐桌上方一排气球状的玻璃灯泡形成呼应，也使得用餐空间更加温情华丽而高级精致；石材餐桌+实木架的布艺餐椅搭配得十分和谐，桌上也摆设了中式风的餐具，再加上一束红色花卉与桌巾呼应，
营造了一种温馨与喜庆。"
551001,4,石材,石材餐桌+实木架的布艺餐椅搭配得十分和谐,['和谐'],"餐桌连贯着客厅空间，餐厅背景墙一幅圆形的挂画，与餐桌上方一排气球状的玻璃灯泡形成呼应，也使得用餐空间更加温情华丽而高级精致；石材餐桌+实木架的布艺餐椅搭配得十分和谐，桌上也摆设了中式风的餐具，再加上一束红色花卉与桌巾呼应，
营造了一种温馨与喜庆。"
551001,4,餐桌,石材餐桌+实木架的布艺餐椅搭配得十分和谐,['和谐'],"餐桌连贯着客厅空间，餐厅背景墙一幅圆形的挂画，与餐桌上方一排气球状的玻璃灯泡形成呼应，也使得用餐空间更加温情华丽而高级精致；石材餐桌+实木架的布艺餐椅搭配得十分和谐，桌上也摆设了中式风的餐具，再加上一束红色花卉与桌巾呼应，
营造了一种温馨与喜庆。"
551001,4,布艺,石材餐桌+实木架的布艺餐椅搭配得十分和谐,['和谐'],"餐桌连贯着客厅空间，餐厅背景墙一幅圆形的挂画，与餐桌上方一排气球状的玻璃灯泡形成呼应，也使得用餐空间更加温情华丽而高级精致；石材餐桌+实木架的布艺餐椅搭配得十分和谐，桌上也摆设了中式风的餐具，再加上一束红色花卉与桌巾呼应，
营造了一种温馨与喜庆。"
551001,4,餐椅,石材餐桌+实木架的布艺餐椅搭配得十分和谐,['和谐'],"餐桌连贯着客厅空间，餐厅背景墙一幅圆形的挂画，与餐桌上方一排气球状的玻璃灯泡形成呼应，也使得用餐空间更加温情华丽而高级精致；石材餐桌+实木架的布艺餐椅搭配得十分和谐，桌上也摆设了中式风的餐具，再加上一束红色花卉与桌巾呼应，
营造了一种温馨与喜庆。"
551001,5,餐具,桌上也摆设了中式风的餐具,[],"餐桌连贯着客厅空间，餐厅背景墙一幅圆形的挂画，与餐桌上方一排气球状的玻璃灯泡形成呼应，也使得用餐空间更加温情华丽而高级精致；石材餐桌+实木架的布艺餐椅搭配得十分和谐，桌上也摆设了中式风的餐具，再加上一束红色花卉与桌巾呼应，
营造了一种温馨与喜庆。"
551001,6,花卉,再加上一束红色花卉与桌巾呼应,['红色'],"餐桌连贯着客厅空间，餐厅背景墙一幅圆形的挂画，与餐桌上方一排气球状的玻璃灯泡形成呼应，也使得用餐空间更加温情华丽而高级精致；石材餐桌+实木架的布艺餐椅搭配得十分和谐，桌上也摆设了中式风的餐具，再加上一束红色花卉与桌巾呼应，
营造了一种温馨与喜庆。"
551002,0,茶室,独立的茶室为主人提供一个品茶的空间,[],独立的茶室为主人提供一个品茶的空间，三五好友，在闲暇时光聚在这个小空间，休闲聊天，惬意自然；小飘窗与坐塌结合的设计更为实用，与中式茶台等裹挟出清欢。
551002,0,空间,独立的茶室为主人提供一个品茶的空间,[],独立的茶室为主人提供一个品茶的空间，三五好友，在闲暇时光聚在这个小空间，休闲聊天，惬意自然；小飘窗与坐塌结合的设计更为实用，与中式茶台等裹挟出清欢。
551002,2,空间,在闲暇时光聚在这个小空间,['小'],独立的茶室为主人提供一个品茶的空间，三五好友，在闲暇时光聚在这个小空间，休闲聊天，惬意自然；小飘窗与坐塌结合的设计更为实用，与中式茶台等裹挟出清欢。
551003,0,卧室,卧室床头墙一幅竹林图案的墙画与鱼鳞木屏风做造型,[],卧室床头墙一幅竹林图案的墙画与鱼鳞木屏风做造型，两侧的中式台灯对称中表达东方和谐；浅色床品上的的红色勾边端庄而柔和，营造浓浓地中式味道，让卧室空间从容而温情。
551003,0,床头,卧室床头墙一幅竹林图案的墙画与鱼鳞木屏风做造型,[],卧室床头墙一幅竹林图案的墙画与鱼鳞木屏风做造型，两侧的中式台灯对称中表达东方和谐；浅色床品上的的红色勾边端庄而柔和，营造浓浓地中式味道，让卧室空间从容而温情。
551003,0,墙,卧室床头墙一幅竹林图案的墙画与鱼鳞木屏风做造型,[],卧室床头墙一幅竹林图案的墙画与鱼鳞木屏风做造型，两侧的中式台灯对称中表达东方和谐；浅色床品上的的红色勾边端庄而柔和，营造浓浓地中式味道，让卧室空间从容而温情。
551003,0,图案,卧室床头墙一幅竹林图案的墙画与鱼鳞木屏风做造型,[],卧室床头墙一幅竹林图案的墙画与鱼鳞木屏风做造型，两侧的中式台灯对称中表达东方和谐；浅色床品上的的红色勾边端庄而柔和，营造浓浓地中式味道，让卧室空间从容而温情。
551003,0,屏风,卧室床头墙一幅竹林图案的墙画与鱼鳞木屏风做造型,[],卧室床头墙一幅竹林图案的墙画与鱼鳞木屏风做造型，两侧的中式台灯对称中表达东方和谐；浅色床品上的的红色勾边端庄而柔和，营造浓浓地中式味道，让卧室空间从容而温情。
551003,1,台灯,两侧的中式台灯对称中表达东方和谐,['和谐'],卧室床头墙一幅竹林图案的墙画与鱼鳞木屏风做造型，两侧的中式台灯对称中表达东方和谐；浅色床品上的的红色勾边端庄而柔和，营造浓浓地中式味道，让卧室空间从容而温情。
551003,2,床品,浅色床品上的的红色勾边端庄而柔和,"['浅色', '红色', '柔和']",卧室床头墙一幅竹林图案的墙画与鱼鳞木屏风做造型，两侧的中式台灯对称中表达东方和谐；浅色床品上的的红色勾边端庄而柔和，营造浓浓地中式味道，让卧室空间从容而温情。
551003,4,卧室,让卧室空间从容而温情,[],卧室床头墙一幅竹林图案的墙画与鱼鳞木屏风做造型，两侧的中式台灯对称中表达东方和谐；浅色床品上的的红色勾边端庄而柔和，营造浓浓地中式味道，让卧室空间从容而温情。
551003,4,空间,让卧室空间从容而温情,[],卧室床头墙一幅竹林图案的墙画与鱼鳞木屏风做造型，两侧的中式台灯对称中表达东方和谐；浅色床品上的的红色勾边端庄而柔和，营造浓浓地中式味道，让卧室空间从容而温情。
551004,0,床头,次卧在浅灰色硬包床头墙的基础,"['浅', '灰色', '硬']",次卧在浅灰色硬包床头墙的基础，挂一幅中式雅韵的装饰画，布置出温雅；床头柜大理石面的天然肌理与新中式台灯、中式素雅的床品平衡出中式温婉，足显品味。
551004,0,墙,次卧在浅灰色硬包床头墙的基础,"['浅', '灰色', '硬']",次卧在浅灰色硬包床头墙的基础，挂一幅中式雅韵的装饰画，布置出温雅；床头柜大理石面的天然肌理与新中式台灯、中式素雅的床品平衡出中式温婉，足显品味。
551005,0,卫生间,卫生间洗手盆两侧都是悬空的台面,[],卫生间洗手盆两侧都是悬空的台面，黑色方正洗手盆搭配圆形背光镜，强调色彩对比，并以方圆造型结合圆形的背光镜子，让卫浴空间更加时尚、简洁，体验在家也高级的生活方式。
551005,0,台面,卫生间洗手盆两侧都是悬空的台面,[],卫生间洗手盆两侧都是悬空的台面，黑色方正洗手盆搭配圆形背光镜，强调色彩对比，并以方圆造型结合圆形的背光镜子，让卫浴空间更加时尚、简洁，体验在家也高级的生活方式。
551005,3,镜子,并以方圆造型结合圆形的背光镜子,[],卫生间洗手盆两侧都是悬空的台面，黑色方正洗手盆搭配圆形背光镜，强调色彩对比，并以方圆造型结合圆形的背光镜子，让卫浴空间更加时尚、简洁，体验在家也高级的生活方式。
551005,4,空间,让卫浴空间更加时尚、简洁,['简洁'],卫生间洗手盆两侧都是悬空的台面，黑色方正洗手盆搭配圆形背光镜，强调色彩对比，并以方圆造型结合圆形的背光镜子，让卫浴空间更加时尚、简洁，体验在家也高级的生活方式。
551006,0,空间,因为空间已经存在大量的浅色,['浅色'],"因为空间已经存在大量的浅色，灰中式含蓝的深色沙发墙使整个空间尽显优雅，搭配实木的家具的质感协调出生活的稳重雅致；壁柜式的电视柜内置储物区，对面就是飘窗，可以享受阳台洋溢；实木橱柜搭配时尚的茶几、落地灯，营造出一种放松和惬意的氛围。
"
551006,1,墙,灰中式含蓝的深色沙发墙使整个空间尽显优雅,"['蓝', '深色', '优雅']","因为空间已经存在大量的浅色，灰中式含蓝的深色沙发墙使整个空间尽显优雅，搭配实木的家具的质感协调出生活的稳重雅致；壁柜式的电视柜内置储物区，对面就是飘窗，可以享受阳台洋溢；实木橱柜搭配时尚的茶几、落地灯，营造出一种放松和惬意的氛围。
"
551006,1,空间,灰中式含蓝的深色沙发墙使整个空间尽显优雅,"['蓝', '深色', '优雅']","因为空间已经存在大量的浅色，灰中式含蓝的深色沙发墙使整个空间尽显优雅，搭配实木的家具的质感协调出生活的稳重雅致；壁柜式的电视柜内置储物区，对面就是飘窗，可以享受阳台洋溢；实木橱柜搭配时尚的茶几、落地灯，营造出一种放松和惬意的氛围。
"
551006,2,家具,搭配实木的家具的质感协调出生活的稳重雅致,"['稳重', '雅致']","因为空间已经存在大量的浅色，灰中式含蓝的深色沙发墙使整个空间尽显优雅，搭配实木的家具的质感协调出生活的稳重雅致；壁柜式的电视柜内置储物区，对面就是飘窗，可以享受阳台洋溢；实木橱柜搭配时尚的茶几、落地灯，营造出一种放松和惬意的氛围。
"
551006,3,电视柜,壁柜式的电视柜内置储物区,[],"因为空间已经存在大量的浅色，灰中式含蓝的深色沙发墙使整个空间尽显优雅，搭配实木的家具的质感协调出生活的稳重雅致；壁柜式的电视柜内置储物区，对面就是飘窗，可以享受阳台洋溢；实木橱柜搭配时尚的茶几、落地灯，营造出一种放松和惬意的氛围。
"
551006,5,阳台,可以享受阳台洋溢,[],"因为空间已经存在大量的浅色，灰中式含蓝的深色沙发墙使整个空间尽显优雅，搭配实木的家具的质感协调出生活的稳重雅致；壁柜式的电视柜内置储物区，对面就是飘窗，可以享受阳台洋溢；实木橱柜搭配时尚的茶几、落地灯，营造出一种放松和惬意的氛围。
"
551006,6,橱柜,实木橱柜搭配时尚的茶几、落地灯,[],"因为空间已经存在大量的浅色，灰中式含蓝的深色沙发墙使整个空间尽显优雅，搭配实木的家具的质感协调出生活的稳重雅致；壁柜式的电视柜内置储物区，对面就是飘窗，可以享受阳台洋溢；实木橱柜搭配时尚的茶几、落地灯，营造出一种放松和惬意的氛围。
"
551006,6,茶几,实木橱柜搭配时尚的茶几、落地灯,[],"因为空间已经存在大量的浅色，灰中式含蓝的深色沙发墙使整个空间尽显优雅，搭配实木的家具的质感协调出生活的稳重雅致；壁柜式的电视柜内置储物区，对面就是飘窗，可以享受阳台洋溢；实木橱柜搭配时尚的茶几、落地灯，营造出一种放松和惬意的氛围。
"
551006,6,落地灯,实木橱柜搭配时尚的茶几、落地灯,[],"因为空间已经存在大量的浅色，灰中式含蓝的深色沙发墙使整个空间尽显优雅，搭配实木的家具的质感协调出生活的稳重雅致；壁柜式的电视柜内置储物区，对面就是飘窗，可以享受阳台洋溢；实木橱柜搭配时尚的茶几、落地灯，营造出一种放松和惬意的氛围。
"
551007,1,图案,两只黑白图案各异的抱枕凸显着一种生活美学,['各异'],灰色的布艺沙发十分耐看，两只黑白图案各异的抱枕凸显着一种生活美学，正好与灰蓝色的墙面组合出忧郁之美；小巧的皮革书架、驼灰色的地毯带你品味北欧的朴质，却生活出一种独特的精致感。
551007,2,墙面,正好与灰蓝色的墙面组合出忧郁之美,"['蓝色', '忧郁']",灰色的布艺沙发十分耐看，两只黑白图案各异的抱枕凸显着一种生活美学，正好与灰蓝色的墙面组合出忧郁之美；小巧的皮革书架、驼灰色的地毯带你品味北欧的朴质，却生活出一种独特的精致感。
551007,3,书架,小巧的皮革书架、驼灰色的地毯带你品味北欧的朴质,['灰色'],灰色的布艺沙发十分耐看，两只黑白图案各异的抱枕凸显着一种生活美学，正好与灰蓝色的墙面组合出忧郁之美；小巧的皮革书架、驼灰色的地毯带你品味北欧的朴质，却生活出一种独特的精致感。
551007,3,地毯,小巧的皮革书架、驼灰色的地毯带你品味北欧的朴质,['灰色'],灰色的布艺沙发十分耐看，两只黑白图案各异的抱枕凸显着一种生活美学，正好与灰蓝色的墙面组合出忧郁之美；小巧的皮革书架、驼灰色的地毯带你品味北欧的朴质，却生活出一种独特的精致感。
551008,0,电视,沙发和电视成九十度,[],沙发和电视成九十度，虽然布局上稍有一些不太合理，却符合主人的生活习惯；整个空间白色的电视墙、蓝色的背景墙与深灰色布艺沙发巧妙结合起来，组成空间的雅静与大气。
551008,1,布局,虽然布局上稍有一些不太合理,[],沙发和电视成九十度，虽然布局上稍有一些不太合理，却符合主人的生活习惯；整个空间白色的电视墙、蓝色的背景墙与深灰色布艺沙发巧妙结合起来，组成空间的雅静与大气。
551008,3,空间,整个空间白色的电视墙、蓝色的背景墙与深灰色布艺沙发巧妙结合起来,"['白色', '蓝色', '深灰色', '巧妙']",沙发和电视成九十度，虽然布局上稍有一些不太合理，却符合主人的生活习惯；整个空间白色的电视墙、蓝色的背景墙与深灰色布艺沙发巧妙结合起来，组成空间的雅静与大气。
551008,3,电视墙,整个空间白色的电视墙、蓝色的背景墙与深灰色布艺沙发巧妙结合起来,"['白色', '蓝色', '深灰色', '巧妙']",沙发和电视成九十度，虽然布局上稍有一些不太合理，却符合主人的生活习惯；整个空间白色的电视墙、蓝色的背景墙与深灰色布艺沙发巧妙结合起来，组成空间的雅静与大气。
551008,3,背景墙,整个空间白色的电视墙、蓝色的背景墙与深灰色布艺沙发巧妙结合起来,"['白色', '蓝色', '深灰色', '巧妙']",沙发和电视成九十度，虽然布局上稍有一些不太合理，却符合主人的生活习惯；整个空间白色的电视墙、蓝色的背景墙与深灰色布艺沙发巧妙结合起来，组成空间的雅静与大气。
551008,4,空间,组成空间的雅静与大气,[],沙发和电视成九十度，虽然布局上稍有一些不太合理，却符合主人的生活习惯；整个空间白色的电视墙、蓝色的背景墙与深灰色布艺沙发巧妙结合起来，组成空间的雅静与大气。
551010,0,餐厅,餐厅区把实木家具作为中心,[],餐厅区把实木家具作为中心，与一盏黑色北欧吊灯定义了空间的区域的界线。却更显空间感；设计师用一块地毯将空间功能区做了简单的区分，布置有序的配饰，装饰出生活的精致温馨。
551010,1,吊灯,与一盏黑色北欧吊灯定义了空间的区域的界线,['黑色'],餐厅区把实木家具作为中心，与一盏黑色北欧吊灯定义了空间的区域的界线。却更显空间感；设计师用一块地毯将空间功能区做了简单的区分，布置有序的配饰，装饰出生活的精致温馨。
551010,1,空间,与一盏黑色北欧吊灯定义了空间的区域的界线,['黑色'],餐厅区把实木家具作为中心，与一盏黑色北欧吊灯定义了空间的区域的界线。却更显空间感；设计师用一块地毯将空间功能区做了简单的区分，布置有序的配饰，装饰出生活的精致温馨。
551010,3,地毯,设计师用一块地毯将空间功能区做了简单的区分,['简单'],餐厅区把实木家具作为中心，与一盏黑色北欧吊灯定义了空间的区域的界线。却更显空间感；设计师用一块地毯将空间功能区做了简单的区分，布置有序的配饰，装饰出生活的精致温馨。
551010,3,空间,设计师用一块地毯将空间功能区做了简单的区分,['简单'],餐厅区把实木家具作为中心，与一盏黑色北欧吊灯定义了空间的区域的界线。却更显空间感；设计师用一块地毯将空间功能区做了简单的区分，布置有序的配饰，装饰出生活的精致温馨。
551010,3,功能区,设计师用一块地毯将空间功能区做了简单的区分,['简单'],餐厅区把实木家具作为中心，与一盏黑色北欧吊灯定义了空间的区域的界线。却更显空间感；设计师用一块地毯将空间功能区做了简单的区分，布置有序的配饰，装饰出生活的精致温馨。
551010,5,装饰,装饰出生活的精致温馨,['精致'],餐厅区把实木家具作为中心，与一盏黑色北欧吊灯定义了空间的区域的界线。却更显空间感；设计师用一块地毯将空间功能区做了简单的区分，布置有序的配饰，装饰出生活的精致温馨。
551011,0,厨房,厨房L型的格局因米白色橱柜与黑色边框强化出结构和造型美学,"['白色', '黑色']",厨房L型的格局因米白色橱柜与黑色边框强化出结构和造型美学，同时，白色小方砖、深灰色地砖形成一种强烈的反差，材质组合之间以层次成就空间的实用与美学。
551011,0,橱柜,厨房L型的格局因米白色橱柜与黑色边框强化出结构和造型美学,"['白色', '黑色']",厨房L型的格局因米白色橱柜与黑色边框强化出结构和造型美学，同时，白色小方砖、深灰色地砖形成一种强烈的反差，材质组合之间以层次成就空间的实用与美学。
551011,0,边框,厨房L型的格局因米白色橱柜与黑色边框强化出结构和造型美学,"['白色', '黑色']",厨房L型的格局因米白色橱柜与黑色边框强化出结构和造型美学，同时，白色小方砖、深灰色地砖形成一种强烈的反差，材质组合之间以层次成就空间的实用与美学。
551011,0,结构,厨房L型的格局因米白色橱柜与黑色边框强化出结构和造型美学,"['白色', '黑色']",厨房L型的格局因米白色橱柜与黑色边框强化出结构和造型美学，同时，白色小方砖、深灰色地砖形成一种强烈的反差，材质组合之间以层次成就空间的实用与美学。
551011,2,方砖,白色小方砖、深灰色地砖形成一种强烈的反差,"['白色', '小', '深灰色', '强烈']",厨房L型的格局因米白色橱柜与黑色边框强化出结构和造型美学，同时，白色小方砖、深灰色地砖形成一种强烈的反差，材质组合之间以层次成就空间的实用与美学。
551011,2,地砖,白色小方砖、深灰色地砖形成一种强烈的反差,"['白色', '小', '深灰色', '强烈']",厨房L型的格局因米白色橱柜与黑色边框强化出结构和造型美学，同时，白色小方砖、深灰色地砖形成一种强烈的反差，材质组合之间以层次成就空间的实用与美学。
551011,3,材质,材质组合之间以层次成就空间的实用与美学,[],厨房L型的格局因米白色橱柜与黑色边框强化出结构和造型美学，同时，白色小方砖、深灰色地砖形成一种强烈的反差，材质组合之间以层次成就空间的实用与美学。
551011,3,空间,材质组合之间以层次成就空间的实用与美学,[],厨房L型的格局因米白色橱柜与黑色边框强化出结构和造型美学，同时，白色小方砖、深灰色地砖形成一种强烈的反差，材质组合之间以层次成就空间的实用与美学。
551012,0,卧室,卧室的落地窗自造空间的明快,['明快'],卧室的落地窗自造空间的明快，深灰色窗帘与墙面的浅灰色形成层次感；实木家具搭配黑白灰格纹床品，与简易的装饰画、精致的壁灯，使整个卧室空间安详静谧。
551012,0,落地窗,卧室的落地窗自造空间的明快,['明快'],卧室的落地窗自造空间的明快，深灰色窗帘与墙面的浅灰色形成层次感；实木家具搭配黑白灰格纹床品，与简易的装饰画、精致的壁灯，使整个卧室空间安详静谧。
551012,0,空间,卧室的落地窗自造空间的明快,['明快'],卧室的落地窗自造空间的明快，深灰色窗帘与墙面的浅灰色形成层次感；实木家具搭配黑白灰格纹床品，与简易的装饰画、精致的壁灯，使整个卧室空间安详静谧。
551012,1,窗帘,深灰色窗帘与墙面的浅灰色形成层次感,"['深灰色', '灰色']",卧室的落地窗自造空间的明快，深灰色窗帘与墙面的浅灰色形成层次感；实木家具搭配黑白灰格纹床品，与简易的装饰画、精致的壁灯，使整个卧室空间安详静谧。
551012,1,墙面,深灰色窗帘与墙面的浅灰色形成层次感,"['深灰色', '灰色']",卧室的落地窗自造空间的明快，深灰色窗帘与墙面的浅灰色形成层次感；实木家具搭配黑白灰格纹床品，与简易的装饰画、精致的壁灯，使整个卧室空间安详静谧。
551012,2,床品,实木家具搭配黑白灰格纹床品,[],卧室的落地窗自造空间的明快，深灰色窗帘与墙面的浅灰色形成层次感；实木家具搭配黑白灰格纹床品，与简易的装饰画、精致的壁灯，使整个卧室空间安详静谧。
551012,3,壁灯,与简易的装饰画、精致的壁灯,"['简易', '精致']",卧室的落地窗自造空间的明快，深灰色窗帘与墙面的浅灰色形成层次感；实木家具搭配黑白灰格纹床品，与简易的装饰画、精致的壁灯，使整个卧室空间安详静谧。
551012,4,卧室,使整个卧室空间安详静谧,[],卧室的落地窗自造空间的明快，深灰色窗帘与墙面的浅灰色形成层次感；实木家具搭配黑白灰格纹床品，与简易的装饰画、精致的壁灯，使整个卧室空间安详静谧。
551012,4,空间,使整个卧室空间安详静谧,[],卧室的落地窗自造空间的明快，深灰色窗帘与墙面的浅灰色形成层次感；实木家具搭配黑白灰格纹床品，与简易的装饰画、精致的壁灯，使整个卧室空间安详静谧。
551013,0,墙面,儿童房的墙面被粉刷成奶黄色,['黄色'],"儿童房的墙面被粉刷成奶黄色，给人淡暖，而亮黄色窗帘搭配期间，形成一种白色的渐变效果没营造一种愉悦感；用画板和小鹿凳子装点四角帐篷，既可以方便孩子游戏，又增加了房间的丰富性，童趣十足。
"
551013,2,窗帘,而亮黄色窗帘搭配期间,['黄色'],"儿童房的墙面被粉刷成奶黄色，给人淡暖，而亮黄色窗帘搭配期间，形成一种白色的渐变效果没营造一种愉悦感；用画板和小鹿凳子装点四角帐篷，既可以方便孩子游戏，又增加了房间的丰富性，童趣十足。
"
551013,5,孩子,既可以方便孩子游戏,['方便'],"儿童房的墙面被粉刷成奶黄色，给人淡暖，而亮黄色窗帘搭配期间，形成一种白色的渐变效果没营造一种愉悦感；用画板和小鹿凳子装点四角帐篷，既可以方便孩子游戏，又增加了房间的丰富性，童趣十足。
"
551014,0,卫生间,卫生间干区用水泥砖上墙,[],"卫生间干区用水泥砖上墙，天然质朴的质地很特别也很迷人,也凸显了一种天然质感，加上墙面上的挂钩，给人一种错落之中的几何美学；而淋浴区小白砖铺贴出干净与利落，十分便捷。"
551014,0,墙,卫生间干区用水泥砖上墙,[],"卫生间干区用水泥砖上墙，天然质朴的质地很特别也很迷人,也凸显了一种天然质感，加上墙面上的挂钩，给人一种错落之中的几何美学；而淋浴区小白砖铺贴出干净与利落，十分便捷。"
551014,1,质地,"天然质朴的质地很特别也很迷人,也凸显了一种天然质感",[],"卫生间干区用水泥砖上墙，天然质朴的质地很特别也很迷人,也凸显了一种天然质感，加上墙面上的挂钩，给人一种错落之中的几何美学；而淋浴区小白砖铺贴出干净与利落，十分便捷。"
551014,2,墙面,加上墙面上的挂钩,[],"卫生间干区用水泥砖上墙，天然质朴的质地很特别也很迷人,也凸显了一种天然质感，加上墙面上的挂钩，给人一种错落之中的几何美学；而淋浴区小白砖铺贴出干净与利落，十分便捷。"
